[
    {
        "href": "https://www.lagou.com/zhaopin/Java/",
        "data-lg-tj-id": "4A00",
        "data-lg-tj-no": "0001",
        "data-lg-tj-cid": "idnull",
        "name": "Java",
        "positions": [],
        "key": ""
    },
    {
        "href": "https://www.lagou.com/zhaopin/PHP/",
        "data-lg-tj-id": "4A00",
        "data-lg-tj-no": "0002",
        "data-lg-tj-cid": "idnull",
        "name": "PHP",
        "positions": [],
        "key": ""
    },
    {
        "href": "https://www.lagou.com/zhaopin/C++/",
        "data-lg-tj-id": "4A00",
        "data-lg-tj-no": "0003",
        "data-lg-tj-cid": "idnull",
        "name": "C++",
        "positions": [],
        "key": ""
    },
    {
        "href": "https://www.lagou.com/zhaopin/qukuailian/",
        "data-lg-tj-id": "4A00",
        "data-lg-tj-no": "0004",
        "data-lg-tj-cid": "idnull",
        "name": "区块链",
        "positions": [],
        "key": ""
    },
    {
        "href": "https://www.lagou.com/zhaopin/Android/",
        "data-lg-tj-id": "4A00",
        "data-lg-tj-no": "0005",
        "data-lg-tj-cid": "idnull",
        "name": "Android",
        "positions": [],
        "key": ""
    },
    {
        "href": "https://www.lagou.com/zhaopin/iOS/",
        "data-lg-tj-id": "4A00",
        "data-lg-tj-no": "0006",
        "data-lg-tj-cid": "idnull",
        "name": "iOS",
        "positions": [],
        "key": ""
    },
    {
        "href": "https://www.lagou.com/zhaopin/shujuwajue/",
        "data-lg-tj-id": "4A00",
        "data-lg-tj-no": "0007",
        "data-lg-tj-cid": "idnull",
        "name": "数据挖掘",
        "positions": [],
        "key": ""
    },
    {
        "href": "https://www.lagou.com/zhaopin/shenduxuexi/",
        "data-lg-tj-id": "4A00",
        "data-lg-tj-no": "0008",
        "data-lg-tj-cid": "idnull",
        "name": "深度学习",
        "positions": [],
        "key": ""
    },
    {
        "href": "https://www.lagou.com/zhaopin/ziranyuyanchuli/",
        "data-lg-tj-id": "4A00",
        "data-lg-tj-no": "0009",
        "data-lg-tj-cid": "idnull",
        "name": "自然语言处理",
        "positions": [],
        "key": ""
    },
    {
        "href": "https://www.lagou.com/zhaopin/jiqixuexi/",
        "data-lg-tj-id": "4A00",
        "data-lg-tj-no": "0010",
        "data-lg-tj-cid": "idnull",
        "name": "机器学习",
        "positions": [],
        "key": ""
    },
    {
        "href": "https://www.lagou.com/zhaopin/ceshi/",
        "data-lg-tj-id": "4A00",
        "data-lg-tj-no": "0011",
        "data-lg-tj-cid": "idnull",
        "name": "测试",
        "positions": [],
        "key": ""
    },
    {
        "href": "https://www.lagou.com/zhaopin/html51/",
        "data-lg-tj-id": "4A00",
        "data-lg-tj-no": "0012",
        "data-lg-tj-cid": "idnull",
        "name": "html5",
        "positions": [],
        "key": ""
    },
    {
        "href": "https://www.lagou.com/zhaopin/jishuzongjian/",
        "data-lg-tj-id": "4A00",
        "data-lg-tj-no": "0013",
        "data-lg-tj-cid": "idnull",
        "name": "技术总监",
        "positions": [],
        "key": ""
    },
    {
        "href": "https://www.lagou.com/zhaopin/jiagoushi/",
        "data-lg-tj-id": "4A00",
        "data-lg-tj-no": "0014",
        "data-lg-tj-cid": "idnull",
        "name": "架构师",
        "positions": [],
        "key": ""
    },
    {
        "href": "https://www.lagou.com/zhaopin/CTO/",
        "data-lg-tj-id": "4A00",
        "data-lg-tj-no": "0015",
        "data-lg-tj-cid": "idnull",
        "name": "CTO",
        "positions": [],
        "key": ""
    },
    {
        "href": "https://www.lagou.com/zhaopin/Java/",
        "data-lg-tj-id": "4O00",
        "data-lg-tj-no": "0101",
        "data-lg-tj-cid": "idnull",
        "class": [
            "curr"
        ],
        "name": "Java",
        "positions": [],
        "key": ""
    },
    {
        "href": "https://www.lagou.com/zhaopin/C%2B%2B/",
        "data-lg-tj-id": "4O00",
        "data-lg-tj-no": "0102",
        "data-lg-tj-cid": "idnull",
        "class": [
            "curr"
        ],
        "name": "C++",
        "positions": [],
        "key": ""
    },
    {
        "href": "https://www.lagou.com/zhaopin/PHP/",
        "data-lg-tj-id": "4O00",
        "data-lg-tj-no": "0103",
        "data-lg-tj-cid": "idnull",
        "class": [
            "curr"
        ],
        "name": "PHP",
        "positions": [],
        "key": ""
    },
    {
        "href": "https://www.lagou.com/zhaopin/shujuwajue/",
        "data-lg-tj-id": "4O00",
        "data-lg-tj-no": "0104",
        "data-lg-tj-cid": "idnull",
        "class": [
            "curr"
        ],
        "name": "数据挖掘",
        "positions": [],
        "key": ""
    },
    {
        "href": "https://www.lagou.com/zhaopin/sousuosuanfa/",
        "data-lg-tj-id": "4O00",
        "data-lg-tj-no": "0105",
        "data-lg-tj-cid": "idnull",
        "class": [],
        "name": "搜索算法",
        "positions": [],
        "key": ""
    },
    {
        "href": "https://www.lagou.com/zhaopin/jingzhuntuijian/",
        "data-lg-tj-id": "4O00",
        "data-lg-tj-no": "0106",
        "data-lg-tj-cid": "idnull",
        "class": [],
        "name": "精准推荐",
        "positions": [],
        "key": ""
    },
    {
        "href": "https://www.lagou.com/zhaopin/C/",
        "data-lg-tj-id": "4O00",
        "data-lg-tj-no": "0107",
        "data-lg-tj-cid": "idnull",
        "class": [],
        "name": "C",
        "positions": [],
        "key": ""
    },
    {
        "href": "https://www.lagou.com/zhaopin/C%23/",
        "data-lg-tj-id": "4O00",
        "data-lg-tj-no": "0108",
        "data-lg-tj-cid": "idnull",
        "class": [],
        "name": "C#",
        "positions": [],
        "key": ""
    },
    {
        "href": "https://www.lagou.com/zhaopin/quanzhangongchengshi/",
        "data-lg-tj-id": "4O00",
        "data-lg-tj-no": "0109",
        "data-lg-tj-cid": "idnull",
        "class": [],
        "name": "全栈工程师",
        "positions": [],
        "key": ""
    },
    {
        "href": "https://www.lagou.com/zhaopin/.NET/",
        "data-lg-tj-id": "4O00",
        "data-lg-tj-no": "0110",
        "data-lg-tj-cid": "idnull",
        "class": [],
        "name": ".NET",
        "positions": [],
        "key": ""
    },
    {
        "href": "https://www.lagou.com/zhaopin/Hadoop/",
        "data-lg-tj-id": "4O00",
        "data-lg-tj-no": "0111",
        "data-lg-tj-cid": "idnull",
        "class": [],
        "name": "Hadoop",
        "positions": [],
        "key": ""
    },
    {
        "href": "https://www.lagou.com/zhaopin/Python/",
        "data-lg-tj-id": "4O00",
        "data-lg-tj-no": "0112",
        "data-lg-tj-cid": "idnull",
        "class": [],
        "name": "Python",
        "positions": [],
        "key": ""
    },
    {
        "href": "https://www.lagou.com/zhaopin/Delphi/",
        "data-lg-tj-id": "4O00",
        "data-lg-tj-no": "0113",
        "data-lg-tj-cid": "idnull",
        "class": [],
        "name": "Delphi",
        "positions": [],
        "key": ""
    },
    {
        "href": "https://www.lagou.com/zhaopin/VB/",
        "data-lg-tj-id": "4O00",
        "data-lg-tj-no": "0114",
        "data-lg-tj-cid": "idnull",
        "class": [],
        "name": "VB",
        "positions": [],
        "key": ""
    },
    {
        "href": "https://www.lagou.com/zhaopin/Perl/",
        "data-lg-tj-id": "4O00",
        "data-lg-tj-no": "0115",
        "data-lg-tj-cid": "idnull",
        "class": [],
        "name": "Perl",
        "positions": [],
        "key": ""
    },
    {
        "href": "https://www.lagou.com/zhaopin/Ruby/",
        "data-lg-tj-id": "4O00",
        "data-lg-tj-no": "0116",
        "data-lg-tj-cid": "idnull",
        "class": [],
        "name": "Ruby",
        "positions": [],
        "key": ""
    },
    {
        "href": "https://www.lagou.com/zhaopin/Node.js/",
        "data-lg-tj-id": "4O00",
        "data-lg-tj-no": "0117",
        "data-lg-tj-cid": "idnull",
        "class": [],
        "name": "Node.js",
        "positions": [],
        "key": ""
    },
    {
        "href": "https://www.lagou.com/zhaopin/go/",
        "data-lg-tj-id": "4O00",
        "data-lg-tj-no": "0118",
        "data-lg-tj-cid": "idnull",
        "class": [],
        "name": "Go",
        "positions": [],
        "key": ""
    },
    {
        "href": "https://www.lagou.com/zhaopin/asp/",
        "data-lg-tj-id": "4O00",
        "data-lg-tj-no": "0119",
        "data-lg-tj-cid": "idnull",
        "class": [],
        "name": "ASP",
        "positions": [],
        "key": ""
    },
    {
        "href": "https://www.lagou.com/zhaopin/shell/",
        "data-lg-tj-id": "4O00",
        "data-lg-tj-no": "0120",
        "data-lg-tj-cid": "idnull",
        "class": [],
        "name": "Shell",
        "positions": [],
        "key": ""
    },
    {
        "href": "https://www.lagou.com/zhaopin/qukuailian/",
        "data-lg-tj-id": "4O00",
        "data-lg-tj-no": "0121",
        "data-lg-tj-cid": "idnull",
        "class": [
            "curr"
        ],
        "name": "区块链",
        "positions": [],
        "key": ""
    },
    {
        "href": "https://www.lagou.com/zhaopin/houduankaifaqita/",
        "data-lg-tj-id": "4O00",
        "data-lg-tj-no": "0122",
        "data-lg-tj-cid": "idnull",
        "class": [],
        "name": "后端开发其它",
        "positions": [],
        "key": ""
    },
    {
        "href": "https://www.lagou.com/zhaopin/HTML5/",
        "data-lg-tj-id": "4O00",
        "data-lg-tj-no": "0201",
        "data-lg-tj-cid": "idnull",
        "class": [],
        "name": "HTML5",
        "positions": [],
        "key": ""
    },
    {
        "href": "https://www.lagou.com/zhaopin/Android/",
        "data-lg-tj-id": "4O00",
        "data-lg-tj-no": "0202",
        "data-lg-tj-cid": "idnull",
        "class": [
            "curr"
        ],
        "name": "Android",
        "positions": [],
        "key": ""
    },
    {
        "href": "https://www.lagou.com/zhaopin/iOS/",
        "data-lg-tj-id": "4O00",
        "data-lg-tj-no": "0203",
        "data-lg-tj-cid": "idnull",
        "class": [
            "curr"
        ],
        "name": "iOS",
        "positions": [],
        "key": ""
    },
    {
        "href": "https://www.lagou.com/zhaopin/WP/",
        "data-lg-tj-id": "4O00",
        "data-lg-tj-no": "0204",
        "data-lg-tj-cid": "idnull",
        "class": [],
        "name": "WP",
        "positions": [],
        "key": ""
    },
    {
        "href": "https://www.lagou.com/zhaopin/yidongkaifaqita/",
        "data-lg-tj-id": "4O00",
        "data-lg-tj-no": "0205",
        "data-lg-tj-cid": "idnull",
        "class": [],
        "name": "移动开发其它",
        "positions": [],
        "key": ""
    },
    {
        "href": "https://www.lagou.com/zhaopin/webqianduan/",
        "data-lg-tj-id": "4O00",
        "data-lg-tj-no": "0301",
        "data-lg-tj-cid": "idnull",
        "class": [],
        "name": "web前端",
        "positions": [],
        "key": ""
    },
    {
        "href": "https://www.lagou.com/zhaopin/Flash/",
        "data-lg-tj-id": "4O00",
        "data-lg-tj-no": "0302",
        "data-lg-tj-cid": "idnull",
        "class": [],
        "name": "Flash",
        "positions": [],
        "key": ""
    },
    {
        "href": "https://www.lagou.com/zhaopin/html51/",
        "data-lg-tj-id": "4O00",
        "data-lg-tj-no": "0303",
        "data-lg-tj-cid": "idnull",
        "class": [
            "curr"
        ],
        "name": "html5",
        "positions": [],
        "key": ""
    },
    {
        "href": "https://www.lagou.com/zhaopin/JavaScript/",
        "data-lg-tj-id": "4O00",
        "data-lg-tj-no": "0304",
        "data-lg-tj-cid": "idnull",
        "class": [],
        "name": "JavaScript",
        "positions": [],
        "key": ""
    },
    {
        "href": "https://www.lagou.com/zhaopin/U3D/",
        "data-lg-tj-id": "4O00",
        "data-lg-tj-no": "0305",
        "data-lg-tj-cid": "idnull",
        "class": [],
        "name": "U3D",
        "positions": [],
        "key": ""
    },
    {
        "href": "https://www.lagou.com/zhaopin/COCOS2D-X/",
        "data-lg-tj-id": "4O00",
        "data-lg-tj-no": "0306",
        "data-lg-tj-cid": "idnull",
        "class": [],
        "name": "COCOS2D-X",
        "positions": [],
        "key": ""
    },
    {
        "href": "https://www.lagou.com/zhaopin/qianduankaifaqita/",
        "data-lg-tj-id": "4O00",
        "data-lg-tj-no": "0307",
        "data-lg-tj-cid": "idnull",
        "class": [],
        "name": "前端开发其它",
        "positions": [],
        "key": ""
    },
    {
        "href": "https://www.lagou.com/zhaopin/shenduxuexi/",
        "data-lg-tj-id": "4O00",
        "data-lg-tj-no": "0401",
        "data-lg-tj-cid": "idnull",
        "class": [
            "curr"
        ],
        "name": "深度学习",
        "positions": [],
        "key": ""
    },
    {
        "href": "https://www.lagou.com/zhaopin/jiqixuexi/",
        "data-lg-tj-id": "4O00",
        "data-lg-tj-no": "0402",
        "data-lg-tj-cid": "idnull",
        "class": [
            "curr"
        ],
        "name": "机器学习",
        "positions": [],
        "key": ""
    },
    {
        "href": "https://www.lagou.com/zhaopin/tuxiangchuli/",
        "data-lg-tj-id": "4O00",
        "data-lg-tj-no": "0403",
        "data-lg-tj-cid": "idnull",
        "class": [],
        "name": "图像处理",
        "positions": [],
        "key": ""
    },
    {
        "href": "https://www.lagou.com/zhaopin/tuxiangshibie/",
        "data-lg-tj-id": "4O00",
        "data-lg-tj-no": "0404",
        "data-lg-tj-cid": "idnull",
        "class": [],
        "name": "图像识别",
        "positions": [],
        "key": ""
    },
    {
        "href": "https://www.lagou.com/zhaopin/yuyinshibie/",
        "data-lg-tj-id": "4O00",
        "data-lg-tj-no": "0405",
        "data-lg-tj-cid": "idnull",
        "class": [],
        "name": "语音识别",
        "positions": [],
        "key": ""
    },
    {
        "href": "https://www.lagou.com/zhaopin/jiqishijue/",
        "data-lg-tj-id": "4O00",
        "data-lg-tj-no": "0406",
        "data-lg-tj-cid": "idnull",
        "class": [],
        "name": "机器视觉",
        "positions": [],
        "key": ""
    },
    {
        "href": "https://www.lagou.com/zhaopin/suanfagongchengshi/",
        "data-lg-tj-id": "4O00",
        "data-lg-tj-no": "0407",
        "data-lg-tj-cid": "idnull",
        "class": [],
        "name": "算法工程师",
        "positions": [],
        "key": ""
    },
    {
        "href": "https://www.lagou.com/zhaopin/ziranyuyanchuli/",
        "data-lg-tj-id": "4O00",
        "data-lg-tj-no": "0408",
        "data-lg-tj-cid": "idnull",
        "class": [
            "curr"
        ],
        "name": "自然语言处理",
        "positions": [],
        "key": ""
    },
    {
        "href": "https://www.lagou.com/zhaopin/ceshigongchengshi/",
        "data-lg-tj-id": "4O00",
        "data-lg-tj-no": "0501",
        "data-lg-tj-cid": "idnull",
        "class": [],
        "name": "测试工程师",
        "positions": [],
        "key": ""
    },
    {
        "href": "https://www.lagou.com/zhaopin/zidonghuaceshi/",
        "data-lg-tj-id": "4O00",
        "data-lg-tj-no": "0502",
        "data-lg-tj-cid": "idnull",
        "class": [],
        "name": "自动化测试",
        "positions": [],
        "key": ""
    },
    {
        "href": "https://www.lagou.com/zhaopin/gongnengceshi/",
        "data-lg-tj-id": "4O00",
        "data-lg-tj-no": "0503",
        "data-lg-tj-cid": "idnull",
        "class": [],
        "name": "功能测试",
        "positions": [],
        "key": ""
    },
    {
        "href": "https://www.lagou.com/zhaopin/xingnengceshi/",
        "data-lg-tj-id": "4O00",
        "data-lg-tj-no": "0504",
        "data-lg-tj-cid": "idnull",
        "class": [],
        "name": "性能测试",
        "positions": [],
        "key": ""
    },
    {
        "href": "https://www.lagou.com/zhaopin/ceshikaifa/",
        "data-lg-tj-id": "4O00",
        "data-lg-tj-no": "0505",
        "data-lg-tj-cid": "idnull",
        "class": [],
        "name": "测试开发",
        "positions": [],
        "key": ""
    },
    {
        "href": "https://www.lagou.com/zhaopin/youxiceshi/",
        "data-lg-tj-id": "4O00",
        "data-lg-tj-no": "0506",
        "data-lg-tj-cid": "idnull",
        "class": [],
        "name": "游戏测试",
        "positions": [],
        "key": ""
    },
    {
        "href": "https://www.lagou.com/zhaopin/baiheceshi/",
        "data-lg-tj-id": "4O00",
        "data-lg-tj-no": "0507",
        "data-lg-tj-cid": "idnull",
        "class": [],
        "name": "白盒测试",
        "positions": [],
        "key": ""
    },
    {
        "href": "https://www.lagou.com/zhaopin/huiheceshi/",
        "data-lg-tj-id": "4O00",
        "data-lg-tj-no": "0508",
        "data-lg-tj-cid": "idnull",
        "class": [],
        "name": "灰盒测试",
        "positions": [],
        "key": ""
    },
    {
        "href": "https://www.lagou.com/zhaopin/heiheceshi/",
        "data-lg-tj-id": "4O00",
        "data-lg-tj-no": "0509",
        "data-lg-tj-cid": "idnull",
        "class": [],
        "name": "黑盒测试",
        "positions": [],
        "key": ""
    },
    {
        "href": "https://www.lagou.com/zhaopin/shoujiceshi/",
        "data-lg-tj-id": "4O00",
        "data-lg-tj-no": "0510",
        "data-lg-tj-cid": "idnull",
        "class": [],
        "name": "手机测试",
        "positions": [],
        "key": ""
    },
    {
        "href": "https://www.lagou.com/zhaopin/yingjianceshi/",
        "data-lg-tj-id": "4O00",
        "data-lg-tj-no": "0511",
        "data-lg-tj-cid": "idnull",
        "class": [],
        "name": "硬件测试",
        "positions": [],
        "key": ""
    },
    {
        "href": "https://www.lagou.com/zhaopin/ceshijingli2/",
        "data-lg-tj-id": "4O00",
        "data-lg-tj-no": "0512",
        "data-lg-tj-cid": "idnull",
        "class": [],
        "name": "测试经理",
        "positions": [],
        "key": ""
    },
    {
        "href": "https://www.lagou.com/zhaopin/ceshiqita/",
        "data-lg-tj-id": "4O00",
        "data-lg-tj-no": "0513",
        "data-lg-tj-cid": "idnull",
        "class": [],
        "name": "测试其它",
        "positions": [],
        "key": ""
    },
    {
        "href": "https://www.lagou.com/zhaopin/yunweigongchengshi/",
        "data-lg-tj-id": "4O00",
        "data-lg-tj-no": "0601",
        "data-lg-tj-cid": "idnull",
        "class": [],
        "name": "运维工程师",
        "positions": [],
        "key": ""
    },
    {
        "href": "https://www.lagou.com/zhaopin/yunweikaifagongchengshi/",
        "data-lg-tj-id": "4O00",
        "data-lg-tj-no": "0602",
        "data-lg-tj-cid": "idnull",
        "class": [],
        "name": "运维开发工程师",
        "positions": [],
        "key": ""
    },
    {
        "href": "https://www.lagou.com/zhaopin/wangluogongchengshi/",
        "data-lg-tj-id": "4O00",
        "data-lg-tj-no": "0603",
        "data-lg-tj-cid": "idnull",
        "class": [],
        "name": "网络工程师",
        "positions": [],
        "key": ""
    },
    {
        "href": "https://www.lagou.com/zhaopin/xitonggongchengshi/",
        "data-lg-tj-id": "4O00",
        "data-lg-tj-no": "0604",
        "data-lg-tj-cid": "idnull",
        "class": [],
        "name": "系统工程师",
        "positions": [],
        "key": ""
    },
    {
        "href": "https://www.lagou.com/zhaopin/ITzhichi/",
        "data-lg-tj-id": "4O00",
        "data-lg-tj-no": "0605",
        "data-lg-tj-cid": "idnull",
        "class": [],
        "name": "IT支持",
        "positions": [],
        "key": ""
    },
    {
        "href": "https://www.lagou.com/zhaopin/idc/",
        "data-lg-tj-id": "4O00",
        "data-lg-tj-no": "0606",
        "data-lg-tj-cid": "idnull",
        "class": [],
        "name": "IDC",
        "positions": [],
        "key": ""
    },
    {
        "href": "https://www.lagou.com/zhaopin/cdn/",
        "data-lg-tj-id": "4O00",
        "data-lg-tj-no": "0607",
        "data-lg-tj-cid": "idnull",
        "class": [],
        "name": "CDN",
        "positions": [],
        "key": ""
    },
    {
        "href": "https://www.lagou.com/zhaopin/f5/",
        "data-lg-tj-id": "4O00",
        "data-lg-tj-no": "0608",
        "data-lg-tj-cid": "idnull",
        "class": [],
        "name": "F5",
        "positions": [],
        "key": ""
    },
    {
        "href": "https://www.lagou.com/zhaopin/xitongguanliyuan/",
        "data-lg-tj-id": "4O00",
        "data-lg-tj-no": "0609",
        "data-lg-tj-cid": "idnull",
        "class": [],
        "name": "系统管理员",
        "positions": [],
        "key": ""
    },
    {
        "href": "https://www.lagou.com/zhaopin/bingdufenxi/",
        "data-lg-tj-id": "4O00",
        "data-lg-tj-no": "0610",
        "data-lg-tj-cid": "idnull",
        "class": [],
        "name": "病毒分析",
        "positions": [],
        "key": ""
    },
    {
        "href": "https://www.lagou.com/zhaopin/webanquan/",
        "data-lg-tj-id": "4O00",
        "data-lg-tj-no": "0611",
        "data-lg-tj-cid": "idnull",
        "class": [],
        "name": "WEB安全",
        "positions": [],
        "key": ""
    },
    {
        "href": "https://www.lagou.com/zhaopin/wangluoanquan/",
        "data-lg-tj-id": "4O00",
        "data-lg-tj-no": "0612",
        "data-lg-tj-cid": "idnull",
        "class": [],
        "name": "网络安全",
        "positions": [],
        "key": ""
    },
    {
        "href": "https://www.lagou.com/zhaopin/xitonganquan/",
        "data-lg-tj-id": "4O00",
        "data-lg-tj-no": "0613",
        "data-lg-tj-cid": "idnull",
        "class": [],
        "name": "系统安全",
        "positions": [],
        "key": ""
    },
    {
        "href": "https://www.lagou.com/zhaopin/yunweijingli/",
        "data-lg-tj-id": "4O00",
        "data-lg-tj-no": "0614",
        "data-lg-tj-cid": "idnull",
        "class": [],
        "name": "运维经理",
        "positions": [],
        "key": ""
    },
    {
        "href": "https://www.lagou.com/zhaopin/yunweiqita/",
        "data-lg-tj-id": "4O00",
        "data-lg-tj-no": "0615",
        "data-lg-tj-cid": "idnull",
        "class": [],
        "name": "运维其它",
        "positions": [],
        "key": ""
    },
    {
        "href": "https://www.lagou.com/zhaopin/MySQL/",
        "data-lg-tj-id": "4O00",
        "data-lg-tj-no": "0701",
        "data-lg-tj-cid": "idnull",
        "class": [],
        "name": "MySQL",
        "positions": [],
        "key": ""
    },
    {
        "href": "https://www.lagou.com/zhaopin/SQLServer/",
        "data-lg-tj-id": "4O00",
        "data-lg-tj-no": "0702",
        "data-lg-tj-cid": "idnull",
        "class": [],
        "name": "SQLServer",
        "positions": [],
        "key": ""
    },
    {
        "href": "https://www.lagou.com/zhaopin/Oracle/",
        "data-lg-tj-id": "4O00",
        "data-lg-tj-no": "0703",
        "data-lg-tj-cid": "idnull",
        "class": [],
        "name": "Oracle",
        "positions": [],
        "key": ""
    },
    {
        "href": "https://www.lagou.com/zhaopin/DB2/",
        "data-lg-tj-id": "4O00",
        "data-lg-tj-no": "0704",
        "data-lg-tj-cid": "idnull",
        "class": [],
        "name": "DB2",
        "positions": [],
        "key": ""
    },
    {
        "href": "https://www.lagou.com/zhaopin/MongoDB/",
        "data-lg-tj-id": "4O00",
        "data-lg-tj-no": "0705",
        "data-lg-tj-cid": "idnull",
        "class": [],
        "name": "MongoDB",
        "positions": [],
        "key": ""
    },
    {
        "href": "https://www.lagou.com/zhaopin/etl/",
        "data-lg-tj-id": "4O00",
        "data-lg-tj-no": "0706",
        "data-lg-tj-cid": "idnull",
        "class": [],
        "name": "ETL",
        "positions": [],
        "key": ""
    },
    {
        "href": "https://www.lagou.com/zhaopin/hive/",
        "data-lg-tj-id": "4O00",
        "data-lg-tj-no": "0707",
        "data-lg-tj-cid": "idnull",
        "class": [],
        "name": "Hive",
        "positions": [],
        "key": ""
    },
    {
        "href": "https://www.lagou.com/zhaopin/shujucangku/",
        "data-lg-tj-id": "4O00",
        "data-lg-tj-no": "0708",
        "data-lg-tj-cid": "idnull",
        "class": [],
        "name": "数据仓库",
        "positions": [],
        "key": ""
    },
    {
        "href": "https://www.lagou.com/zhaopin/dbaqita/",
        "data-lg-tj-id": "4O00",
        "data-lg-tj-no": "0709",
        "data-lg-tj-cid": "idnull",
        "class": [],
        "name": "DBA其它",
        "positions": [],
        "key": ""
    },
    {
        "href": "https://www.lagou.com/zhaopin/jishujingli/",
        "data-lg-tj-id": "4O00",
        "data-lg-tj-no": "0801",
        "data-lg-tj-cid": "idnull",
        "class": [],
        "name": "技术经理",
        "positions": [],
        "key": ""
    },
    {
        "href": "https://www.lagou.com/zhaopin/jishuzongjian/",
        "data-lg-tj-id": "4O00",
        "data-lg-tj-no": "0802",
        "data-lg-tj-cid": "idnull",
        "class": [
            "curr"
        ],
        "name": "技术总监",
        "positions": [],
        "key": ""
    },
    {
        "href": "https://www.lagou.com/zhaopin/jiagoushi/",
        "data-lg-tj-id": "4O00",
        "data-lg-tj-no": "0803",
        "data-lg-tj-cid": "idnull",
        "class": [
            "curr"
        ],
        "name": "架构师",
        "positions": [],
        "key": ""
    },
    {
        "href": "https://www.lagou.com/zhaopin/CTO/",
        "data-lg-tj-id": "4O00",
        "data-lg-tj-no": "0804",
        "data-lg-tj-cid": "idnull",
        "class": [
            "curr"
        ],
        "name": "CTO",
        "positions": [],
        "key": ""
    },
    {
        "href": "https://www.lagou.com/zhaopin/yunweizongjian/",
        "data-lg-tj-id": "4O00",
        "data-lg-tj-no": "0805",
        "data-lg-tj-cid": "idnull",
        "class": [],
        "name": "运维总监",
        "positions": [],
        "key": ""
    },
    {
        "href": "https://www.lagou.com/zhaopin/jishuhehuoren/",
        "data-lg-tj-id": "4O00",
        "data-lg-tj-no": "0806",
        "data-lg-tj-cid": "idnull",
        "class": [],
        "name": "技术合伙人",
        "positions": [],
        "key": ""
    },
    {
        "href": "https://www.lagou.com/zhaopin/xiangmuzongjian/",
        "data-lg-tj-id": "4O00",
        "data-lg-tj-no": "0807",
        "data-lg-tj-cid": "idnull",
        "class": [],
        "name": "项目总监",
        "positions": [],
        "key": ""
    },
    {
        "href": "https://www.lagou.com/zhaopin/ceshizongjian/",
        "data-lg-tj-id": "4O00",
        "data-lg-tj-no": "0808",
        "data-lg-tj-cid": "idnull",
        "class": [],
        "name": "测试总监",
        "positions": [],
        "key": ""
    },
    {
        "href": "https://www.lagou.com/zhaopin/anquanzhuanjia/",
        "data-lg-tj-id": "4O00",
        "data-lg-tj-no": "0809",
        "data-lg-tj-cid": "idnull",
        "class": [],
        "name": "安全专家",
        "positions": [],
        "key": ""
    },
    {
        "href": "https://www.lagou.com/zhaopin/gaoduanjishuzhiweiqita/",
        "data-lg-tj-id": "4O00",
        "data-lg-tj-no": "0810",
        "data-lg-tj-cid": "idnull",
        "class": [],
        "name": "高端技术职位其它",
        "positions": [],
        "key": ""
    },
    {
        "href": "https://www.lagou.com/zhaopin/xiangmujingli/",
        "data-lg-tj-id": "4O00",
        "data-lg-tj-no": "0901",
        "data-lg-tj-cid": "idnull",
        "class": [],
        "name": "项目经理",
        "positions": [],
        "key": ""
    },
    {
        "href": "https://www.lagou.com/zhaopin/xiangmuzhuli/",
        "data-lg-tj-id": "4O00",
        "data-lg-tj-no": "0902",
        "data-lg-tj-cid": "idnull",
        "class": [],
        "name": "项目助理",
        "positions": [],
        "key": ""
    },
    {
        "href": "https://www.lagou.com/zhaopin/yingjian/",
        "data-lg-tj-id": "4O00",
        "data-lg-tj-no": "1001",
        "data-lg-tj-cid": "idnull",
        "class": [],
        "name": "硬件",
        "positions": [],
        "key": ""
    },
    {
        "href": "https://www.lagou.com/zhaopin/qianrushi/",
        "data-lg-tj-id": "4O00",
        "data-lg-tj-no": "1002",
        "data-lg-tj-cid": "idnull",
        "class": [],
        "name": "嵌入式",
        "positions": [],
        "key": ""
    },
    {
        "href": "https://www.lagou.com/zhaopin/zidonghua/",
        "data-lg-tj-id": "4O00",
        "data-lg-tj-no": "1003",
        "data-lg-tj-cid": "idnull",
        "class": [],
        "name": "自动化",
        "positions": [],
        "key": ""
    },
    {
        "href": "https://www.lagou.com/zhaopin/danpianji/",
        "data-lg-tj-id": "4O00",
        "data-lg-tj-no": "1004",
        "data-lg-tj-cid": "idnull",
        "class": [],
        "name": "单片机",
        "positions": [],
        "key": ""
    },
    {
        "href": "https://www.lagou.com/zhaopin/dianlusheji/",
        "data-lg-tj-id": "4O00",
        "data-lg-tj-no": "1005",
        "data-lg-tj-cid": "idnull",
        "class": [],
        "name": "电路设计",
        "positions": [],
        "key": ""
    },
    {
        "href": "https://www.lagou.com/zhaopin/qudongkaifa/",
        "data-lg-tj-id": "4O00",
        "data-lg-tj-no": "1006",
        "data-lg-tj-cid": "idnull",
        "class": [],
        "name": "驱动开发",
        "positions": [],
        "key": ""
    },
    {
        "href": "https://www.lagou.com/zhaopin/xitongjicheng/",
        "data-lg-tj-id": "4O00",
        "data-lg-tj-no": "1007",
        "data-lg-tj-cid": "idnull",
        "class": [],
        "name": "系统集成",
        "positions": [],
        "key": ""
    },
    {
        "href": "https://www.lagou.com/zhaopin/fpgakaifa/",
        "data-lg-tj-id": "4O00",
        "data-lg-tj-no": "1008",
        "data-lg-tj-cid": "idnull",
        "class": [],
        "name": "FPGA开发",
        "positions": [],
        "key": ""
    },
    {
        "href": "https://www.lagou.com/zhaopin/dspkaifa/",
        "data-lg-tj-id": "4O00",
        "data-lg-tj-no": "1009",
        "data-lg-tj-cid": "idnull",
        "class": [],
        "name": "DSP开发",
        "positions": [],
        "key": ""
    },
    {
        "href": "https://www.lagou.com/zhaopin/armkaifa/",
        "data-lg-tj-id": "4O00",
        "data-lg-tj-no": "1010",
        "data-lg-tj-cid": "idnull",
        "class": [],
        "name": "ARM开发",
        "positions": [],
        "key": ""
    },
    {
        "href": "https://www.lagou.com/zhaopin/pcbgongyi/",
        "data-lg-tj-id": "4O00",
        "data-lg-tj-no": "1011",
        "data-lg-tj-cid": "idnull",
        "class": [],
        "name": "PCB工艺",
        "positions": [],
        "key": ""
    },
    {
        "href": "https://www.lagou.com/zhaopin/mujusheji/",
        "data-lg-tj-id": "4O00",
        "data-lg-tj-no": "1012",
        "data-lg-tj-cid": "idnull",
        "class": [],
        "name": "模具设计",
        "positions": [],
        "key": ""
    },
    {
        "href": "https://www.lagou.com/zhaopin/rechuandao/",
        "data-lg-tj-id": "4O00",
        "data-lg-tj-no": "1013",
        "data-lg-tj-cid": "idnull",
        "class": [],
        "name": "热传导",
        "positions": [],
        "key": ""
    },
    {
        "href": "https://www.lagou.com/zhaopin/cailiaogongchengshi/",
        "data-lg-tj-id": "4O00",
        "data-lg-tj-no": "1014",
        "data-lg-tj-cid": "idnull",
        "class": [],
        "name": "材料工程师",
        "positions": [],
        "key": ""
    },
    {
        "href": "https://www.lagou.com/zhaopin/jingyigongchengshi/",
        "data-lg-tj-id": "4O00",
        "data-lg-tj-no": "1015",
        "data-lg-tj-cid": "idnull",
        "class": [],
        "name": "精益工程师",
        "positions": [],
        "key": ""
    },
    {
        "href": "https://www.lagou.com/zhaopin/shepingongchengshi/",
        "data-lg-tj-id": "4O00",
        "data-lg-tj-no": "1016",
        "data-lg-tj-cid": "idnull",
        "class": [],
        "name": "射频工程师",
        "positions": [],
        "key": ""
    },
    {
        "href": "https://www.lagou.com/zhaopin/yingjiankaifaqita/",
        "data-lg-tj-id": "4O00",
        "data-lg-tj-no": "1017",
        "data-lg-tj-cid": "idnull",
        "class": [],
        "name": "硬件开发其它",
        "positions": [],
        "key": ""
    },
    {
        "href": "https://www.lagou.com/zhaopin/shishigongchengshi/",
        "data-lg-tj-id": "4O00",
        "data-lg-tj-no": "1101",
        "data-lg-tj-cid": "idnull",
        "class": [],
        "name": "实施工程师",
        "positions": [],
        "key": ""
    },
    {
        "href": "https://www.lagou.com/zhaopin/shouqiangongchengshi/",
        "data-lg-tj-id": "4O00",
        "data-lg-tj-no": "1102",
        "data-lg-tj-cid": "idnull",
        "class": [],
        "name": "售前工程师",
        "positions": [],
        "key": ""
    },
    {
        "href": "https://www.lagou.com/zhaopin/shouhougongchengshi/",
        "data-lg-tj-id": "4O00",
        "data-lg-tj-no": "1103",
        "data-lg-tj-cid": "idnull",
        "class": [],
        "name": "售后工程师",
        "positions": [],
        "key": ""
    },
    {
        "href": "https://www.lagou.com/zhaopin/bigongchengshi/",
        "data-lg-tj-id": "4O00",
        "data-lg-tj-no": "1104",
        "data-lg-tj-cid": "idnull",
        "class": [],
        "name": "BI工程师",
        "positions": [],
        "key": ""
    },
    {
        "href": "https://www.lagou.com/zhaopin/qiyeruanjianqita/",
        "data-lg-tj-id": "4O00",
        "data-lg-tj-no": "1105",
        "data-lg-tj-cid": "idnull",
        "class": [],
        "name": "企业软件其它",
        "positions": [],
        "key": ""
    },
    {
        "href": "https://www.lagou.com/zhaopin/chanpinzongjian/",
        "data-lg-tj-id": "4B00",
        "data-lg-tj-no": "0001",
        "data-lg-tj-cid": "idnull",
        "name": "产品总监",
        "positions": [],
        "key": ""
    },
    {
        "href": "https://www.lagou.com/zhaopin/chanpinjingli1/",
        "data-lg-tj-id": "4B00",
        "data-lg-tj-no": "0002",
        "data-lg-tj-cid": "idnull",
        "name": "产品经理",
        "positions": [],
        "key": ""
    },
    {
        "href": "https://www.lagou.com/zhaopin/shujuchanpinjingli/",
        "data-lg-tj-id": "4B00",
        "data-lg-tj-no": "0003",
        "data-lg-tj-cid": "idnull",
        "name": "数据产品经理",
        "positions": [],
        "key": ""
    },
    {
        "href": "https://www.lagou.com/zhaopin/youxicehua/",
        "data-lg-tj-id": "4B00",
        "data-lg-tj-no": "0004",
        "data-lg-tj-cid": "idnull",
        "name": "游戏策划",
        "positions": [],
        "key": ""
    },
    {
        "href": "https://www.lagou.com/zhaopin/chanpinjingli1/",
        "data-lg-tj-id": "4P00",
        "data-lg-tj-no": "0101",
        "data-lg-tj-cid": "idnull",
        "class": [
            "curr"
        ],
        "name": "产品经理",
        "positions": [],
        "key": ""
    },
    {
        "href": "https://www.lagou.com/zhaopin/wangyechanpinjingli/",
        "data-lg-tj-id": "4P00",
        "data-lg-tj-no": "0102",
        "data-lg-tj-cid": "idnull",
        "class": [],
        "name": "网页产品经理",
        "positions": [],
        "key": ""
    },
    {
        "href": "https://www.lagou.com/zhaopin/yidongchanpinjingli/",
        "data-lg-tj-id": "4P00",
        "data-lg-tj-no": "0103",
        "data-lg-tj-cid": "idnull",
        "class": [],
        "name": "移动产品经理",
        "positions": [],
        "key": ""
    },
    {
        "href": "https://www.lagou.com/zhaopin/chanpinzhuli/",
        "data-lg-tj-id": "4P00",
        "data-lg-tj-no": "0104",
        "data-lg-tj-cid": "idnull",
        "class": [],
        "name": "产品助理",
        "positions": [],
        "key": ""
    },
    {
        "href": "https://www.lagou.com/zhaopin/shujuchanpinjingli/",
        "data-lg-tj-id": "4P00",
        "data-lg-tj-no": "0105",
        "data-lg-tj-cid": "idnull",
        "class": [
            "curr"
        ],
        "name": "数据产品经理",
        "positions": [],
        "key": ""
    },
    {
        "href": "https://www.lagou.com/zhaopin/dianshangchanpinjingli/",
        "data-lg-tj-id": "4P00",
        "data-lg-tj-no": "0106",
        "data-lg-tj-cid": "idnull",
        "class": [],
        "name": "电商产品经理",
        "positions": [],
        "key": ""
    },
    {
        "href": "https://www.lagou.com/zhaopin/youxicehua/",
        "data-lg-tj-id": "4P00",
        "data-lg-tj-no": "0107",
        "data-lg-tj-cid": "idnull",
        "class": [
            "curr"
        ],
        "name": "游戏策划",
        "positions": [],
        "key": ""
    },
    {
        "href": "https://www.lagou.com/zhaopin/chanpinshixisheng/",
        "data-lg-tj-id": "4P00",
        "data-lg-tj-no": "0108",
        "data-lg-tj-cid": "idnull",
        "class": [],
        "name": "产品实习生",
        "positions": [],
        "key": ""
    },
    {
        "href": "https://www.lagou.com/zhaopin/wangyechanpinshejishi/",
        "data-lg-tj-id": "4P00",
        "data-lg-tj-no": "0201",
        "data-lg-tj-cid": "idnull",
        "class": [],
        "name": "网页产品设计师",
        "positions": [],
        "key": ""
    },
    {
        "href": "https://www.lagou.com/zhaopin/wuxianchanpinshejishi/",
        "data-lg-tj-id": "4P00",
        "data-lg-tj-no": "0202",
        "data-lg-tj-cid": "idnull",
        "class": [],
        "name": "无线产品设计师",
        "positions": [],
        "key": ""
    },
    {
        "href": "https://www.lagou.com/zhaopin/chanpinbujingli/",
        "data-lg-tj-id": "4P00",
        "data-lg-tj-no": "0301",
        "data-lg-tj-cid": "idnull",
        "class": [],
        "name": "产品部经理",
        "positions": [],
        "key": ""
    },
    {
        "href": "https://www.lagou.com/zhaopin/chanpinzongjian/",
        "data-lg-tj-id": "4P00",
        "data-lg-tj-no": "0302",
        "data-lg-tj-cid": "idnull",
        "class": [
            "curr"
        ],
        "name": "产品总监",
        "positions": [],
        "key": ""
    },
    {
        "href": "https://www.lagou.com/zhaopin/youxizhizuoren/",
        "data-lg-tj-id": "4P00",
        "data-lg-tj-no": "0303",
        "data-lg-tj-cid": "idnull",
        "class": [],
        "name": "游戏制作人",
        "positions": [],
        "key": ""
    },
    {
        "href": "https://www.lagou.com/zhaopin/UIshejishi/",
        "data-lg-tj-id": "4C00",
        "data-lg-tj-no": "0001",
        "data-lg-tj-cid": "idnull",
        "name": "UI设计师",
        "positions": [],
        "key": ""
    },
    {
        "href": "https://www.lagou.com/zhaopin/jiaohusheji/",
        "data-lg-tj-id": "4C00",
        "data-lg-tj-no": "0002",
        "data-lg-tj-cid": "idnull",
        "name": "交互设计",
        "positions": [],
        "key": ""
    },
    {
        "href": "https://www.lagou.com/zhaopin/wangyeshejishi/",
        "data-lg-tj-id": "4C00",
        "data-lg-tj-no": "0003",
        "data-lg-tj-cid": "idnull",
        "name": "网页设计师",
        "positions": [],
        "key": ""
    },
    {
        "href": "https://www.lagou.com/zhaopin/pingmianshejishi/",
        "data-lg-tj-id": "4C00",
        "data-lg-tj-no": "0004",
        "data-lg-tj-cid": "idnull",
        "name": "平面设计师",
        "positions": [],
        "key": ""
    },
    {
        "href": "https://www.lagou.com/zhaopin/shijueshejishi/",
        "data-lg-tj-id": "4C00",
        "data-lg-tj-no": "0005",
        "data-lg-tj-cid": "idnull",
        "name": "视觉设计师",
        "positions": [],
        "key": ""
    },
    {
        "href": "https://www.lagou.com/zhaopin/shijueshejishi/",
        "data-lg-tj-id": "4Q00",
        "data-lg-tj-no": "0101",
        "data-lg-tj-cid": "idnull",
        "class": [
            "curr"
        ],
        "name": "视觉设计师",
        "positions": [],
        "key": ""
    },
    {
        "href": "https://www.lagou.com/zhaopin/wangyeshejishi/",
        "data-lg-tj-id": "4Q00",
        "data-lg-tj-no": "0102",
        "data-lg-tj-cid": "idnull",
        "class": [
            "curr"
        ],
        "name": "网页设计师",
        "positions": [],
        "key": ""
    },
    {
        "href": "https://www.lagou.com/zhaopin/Flashshejishi/",
        "data-lg-tj-id": "4Q00",
        "data-lg-tj-no": "0103",
        "data-lg-tj-cid": "idnull",
        "class": [],
        "name": "Flash设计师",
        "positions": [],
        "key": ""
    },
    {
        "href": "https://www.lagou.com/zhaopin/APPshejishi/",
        "data-lg-tj-id": "4Q00",
        "data-lg-tj-no": "0104",
        "data-lg-tj-cid": "idnull",
        "class": [],
        "name": "APP设计师",
        "positions": [],
        "key": ""
    },
    {
        "href": "https://www.lagou.com/zhaopin/UIshejishi/",
        "data-lg-tj-id": "4Q00",
        "data-lg-tj-no": "0105",
        "data-lg-tj-cid": "idnull",
        "class": [
            "curr"
        ],
        "name": "UI设计师",
        "positions": [],
        "key": ""
    },
    {
        "href": "https://www.lagou.com/zhaopin/pingmianshejishi/",
        "data-lg-tj-id": "4Q00",
        "data-lg-tj-no": "0106",
        "data-lg-tj-cid": "idnull",
        "class": [
            "curr"
        ],
        "name": "平面设计师",
        "positions": [],
        "key": ""
    },
    {
        "href": "https://www.lagou.com/zhaopin/meishushejishi%EF%BC%882D3D%EF%BC%89/",
        "data-lg-tj-id": "4Q00",
        "data-lg-tj-no": "0107",
        "data-lg-tj-cid": "idnull",
        "class": [],
        "name": "美术设计师（2D/3D）",
        "positions": [],
        "key": ""
    },
    {
        "href": "https://www.lagou.com/zhaopin/guanggaoshejishi/",
        "data-lg-tj-id": "4Q00",
        "data-lg-tj-no": "0108",
        "data-lg-tj-cid": "idnull",
        "class": [],
        "name": "广告设计师",
        "positions": [],
        "key": ""
    },
    {
        "href": "https://www.lagou.com/zhaopin/duomeitishejishi/",
        "data-lg-tj-id": "4Q00",
        "data-lg-tj-no": "0109",
        "data-lg-tj-cid": "idnull",
        "class": [],
        "name": "多媒体设计师",
        "positions": [],
        "key": ""
    },
    {
        "href": "https://www.lagou.com/zhaopin/yuanhuashi/",
        "data-lg-tj-id": "4Q00",
        "data-lg-tj-no": "0110",
        "data-lg-tj-cid": "idnull",
        "class": [],
        "name": "原画师",
        "positions": [],
        "key": ""
    },
    {
        "href": "https://www.lagou.com/zhaopin/youxitexiao/",
        "data-lg-tj-id": "4Q00",
        "data-lg-tj-no": "0111",
        "data-lg-tj-cid": "idnull",
        "class": [],
        "name": "游戏特效",
        "positions": [],
        "key": ""
    },
    {
        "href": "https://www.lagou.com/zhaopin/youxijiemianshejishi/",
        "data-lg-tj-id": "4Q00",
        "data-lg-tj-no": "0112",
        "data-lg-tj-cid": "idnull",
        "class": [],
        "name": "游戏界面设计师",
        "positions": [],
        "key": ""
    },
    {
        "href": "https://www.lagou.com/zhaopin/youxichangjing/",
        "data-lg-tj-id": "4Q00",
        "data-lg-tj-no": "0113",
        "data-lg-tj-cid": "idnull",
        "class": [],
        "name": "游戏场景",
        "positions": [],
        "key": ""
    },
    {
        "href": "https://www.lagou.com/zhaopin/youxijiaose/",
        "data-lg-tj-id": "4Q00",
        "data-lg-tj-no": "0114",
        "data-lg-tj-cid": "idnull",
        "class": [],
        "name": "游戏角色",
        "positions": [],
        "key": ""
    },
    {
        "href": "https://www.lagou.com/zhaopin/youxidongzuo/",
        "data-lg-tj-id": "4Q00",
        "data-lg-tj-no": "0115",
        "data-lg-tj-cid": "idnull",
        "class": [],
        "name": "游戏动作",
        "positions": [],
        "key": ""
    },
    {
        "href": "https://www.lagou.com/zhaopin/jiaohushejishi1/",
        "data-lg-tj-id": "4Q00",
        "data-lg-tj-no": "0201",
        "data-lg-tj-cid": "idnull",
        "class": [],
        "name": "交互设计师",
        "positions": [],
        "key": ""
    },
    {
        "href": "https://www.lagou.com/zhaopin/wuxianjiaohushejishi/",
        "data-lg-tj-id": "4Q00",
        "data-lg-tj-no": "0202",
        "data-lg-tj-cid": "idnull",
        "class": [],
        "name": "无线交互设计师",
        "positions": [],
        "key": ""
    },
    {
        "href": "https://www.lagou.com/zhaopin/wangyejiaohushejishi/",
        "data-lg-tj-id": "4Q00",
        "data-lg-tj-no": "0203",
        "data-lg-tj-cid": "idnull",
        "class": [],
        "name": "网页交互设计师",
        "positions": [],
        "key": ""
    },
    {
        "href": "https://www.lagou.com/zhaopin/yingjianjiaohushejishi/",
        "data-lg-tj-id": "4Q00",
        "data-lg-tj-no": "0204",
        "data-lg-tj-cid": "idnull",
        "class": [],
        "name": "硬件交互设计师",
        "positions": [],
        "key": ""
    },
    {
        "href": "https://www.lagou.com/zhaopin/shujufenxishi/",
        "data-lg-tj-id": "4Q00",
        "data-lg-tj-no": "0301",
        "data-lg-tj-cid": "idnull",
        "class": [],
        "name": "数据分析师",
        "positions": [],
        "key": ""
    },
    {
        "href": "https://www.lagou.com/zhaopin/yonghuyanjiuyuan/",
        "data-lg-tj-id": "4Q00",
        "data-lg-tj-no": "0302",
        "data-lg-tj-cid": "idnull",
        "class": [],
        "name": "用户研究员",
        "positions": [],
        "key": ""
    },
    {
        "href": "https://www.lagou.com/zhaopin/youxishuzhicehua/",
        "data-lg-tj-id": "4Q00",
        "data-lg-tj-no": "0303",
        "data-lg-tj-cid": "idnull",
        "class": [],
        "name": "游戏数值策划",
        "positions": [],
        "key": ""
    },
    {
        "href": "https://www.lagou.com/zhaopin/shejijinglizhuguan/",
        "data-lg-tj-id": "4Q00",
        "data-lg-tj-no": "0401",
        "data-lg-tj-cid": "idnull",
        "class": [],
        "name": "设计经理/主管",
        "positions": [],
        "key": ""
    },
    {
        "href": "https://www.lagou.com/zhaopin/shejizongjian/",
        "data-lg-tj-id": "4Q00",
        "data-lg-tj-no": "0402",
        "data-lg-tj-cid": "idnull",
        "class": [],
        "name": "设计总监",
        "positions": [],
        "key": ""
    },
    {
        "href": "https://www.lagou.com/zhaopin/shijueshejijinglizhuguan/",
        "data-lg-tj-id": "4Q00",
        "data-lg-tj-no": "0403",
        "data-lg-tj-cid": "idnull",
        "class": [],
        "name": "视觉设计经理/主管",
        "positions": [],
        "key": ""
    },
    {
        "href": "https://www.lagou.com/zhaopin/shijueshejizongjian/",
        "data-lg-tj-id": "4Q00",
        "data-lg-tj-no": "0404",
        "data-lg-tj-cid": "idnull",
        "class": [],
        "name": "视觉设计总监",
        "positions": [],
        "key": ""
    },
    {
        "href": "https://www.lagou.com/zhaopin/jiaohushejijinglizhuguan/",
        "data-lg-tj-id": "4Q00",
        "data-lg-tj-no": "0405",
        "data-lg-tj-cid": "idnull",
        "class": [],
        "name": "交互设计经理/主管",
        "positions": [],
        "key": ""
    },
    {
        "href": "https://www.lagou.com/zhaopin/jiaohushejizongjian/",
        "data-lg-tj-id": "4Q00",
        "data-lg-tj-no": "0406",
        "data-lg-tj-cid": "idnull",
        "class": [],
        "name": "交互设计总监",
        "positions": [],
        "key": ""
    },
    {
        "href": "https://www.lagou.com/zhaopin/yonghuyanjiujinglizhuguan/",
        "data-lg-tj-id": "4Q00",
        "data-lg-tj-no": "0407",
        "data-lg-tj-cid": "idnull",
        "class": [],
        "name": "用户研究经理/主管",
        "positions": [],
        "key": ""
    },
    {
        "href": "https://www.lagou.com/zhaopin/yonghuyanjiuzongjian/",
        "data-lg-tj-id": "4Q00",
        "data-lg-tj-no": "0408",
        "data-lg-tj-cid": "idnull",
        "class": [],
        "name": "用户研究总监",
        "positions": [],
        "key": ""
    },
    {
        "href": "https://www.lagou.com/zhaopin/xinmeitiyunying/",
        "data-lg-tj-id": "4D00",
        "data-lg-tj-no": "0001",
        "data-lg-tj-cid": "idnull",
        "name": "新媒体运营",
        "positions": [],
        "key": ""
    },
    {
        "href": "https://www.lagou.com/zhaopin/bianji/",
        "data-lg-tj-id": "4D00",
        "data-lg-tj-no": "0002",
        "data-lg-tj-cid": "idnull",
        "name": "编辑",
        "positions": [],
        "key": ""
    },
    {
        "href": "https://www.lagou.com/zhaopin/shujuyunying/",
        "data-lg-tj-id": "4D00",
        "data-lg-tj-no": "0003",
        "data-lg-tj-cid": "idnull",
        "name": "数据运营",
        "positions": [],
        "key": ""
    },
    {
        "href": "https://www.lagou.com/zhaopin/yunyingzongjian/",
        "data-lg-tj-id": "4D00",
        "data-lg-tj-no": "0004",
        "data-lg-tj-cid": "idnull",
        "name": "运营总监",
        "positions": [],
        "key": ""
    },
    {
        "href": "https://www.lagou.com/zhaopin/COO/",
        "data-lg-tj-id": "4D00",
        "data-lg-tj-no": "0005",
        "data-lg-tj-cid": "idnull",
        "name": "COO",
        "positions": [],
        "key": ""
    },
    {
        "href": "https://www.lagou.com/zhaopin/yonghuyunying/",
        "data-lg-tj-id": "4R00",
        "data-lg-tj-no": "0101",
        "data-lg-tj-cid": "idnull",
        "class": [],
        "name": "用户运营",
        "positions": [],
        "key": ""
    },
    {
        "href": "https://www.lagou.com/zhaopin/chanpinyunying/",
        "data-lg-tj-id": "4R00",
        "data-lg-tj-no": "0102",
        "data-lg-tj-cid": "idnull",
        "class": [],
        "name": "产品运营",
        "positions": [],
        "key": ""
    },
    {
        "href": "https://www.lagou.com/zhaopin/shujuyunying/",
        "data-lg-tj-id": "4R00",
        "data-lg-tj-no": "0103",
        "data-lg-tj-cid": "idnull",
        "class": [
            "curr"
        ],
        "name": "数据运营",
        "positions": [],
        "key": ""
    },
    {
        "href": "https://www.lagou.com/zhaopin/neirongyunying/",
        "data-lg-tj-id": "4R00",
        "data-lg-tj-no": "0104",
        "data-lg-tj-cid": "idnull",
        "class": [],
        "name": "内容运营",
        "positions": [],
        "key": ""
    },
    {
        "href": "https://www.lagou.com/zhaopin/huodongyunying/",
        "data-lg-tj-id": "4R00",
        "data-lg-tj-no": "0105",
        "data-lg-tj-cid": "idnull",
        "class": [],
        "name": "活动运营",
        "positions": [],
        "key": ""
    },
    {
        "href": "https://www.lagou.com/zhaopin/shangjiayunying/",
        "data-lg-tj-id": "4R00",
        "data-lg-tj-no": "0106",
        "data-lg-tj-cid": "idnull",
        "class": [],
        "name": "商家运营",
        "positions": [],
        "key": ""
    },
    {
        "href": "https://www.lagou.com/zhaopin/pinleiyunying/",
        "data-lg-tj-id": "4R00",
        "data-lg-tj-no": "0107",
        "data-lg-tj-cid": "idnull",
        "class": [],
        "name": "品类运营",
        "positions": [],
        "key": ""
    },
    {
        "href": "https://www.lagou.com/zhaopin/youxiyunying/",
        "data-lg-tj-id": "4R00",
        "data-lg-tj-no": "0108",
        "data-lg-tj-cid": "idnull",
        "class": [],
        "name": "游戏运营",
        "positions": [],
        "key": ""
    },
    {
        "href": "https://www.lagou.com/zhaopin/wangluotuiguang/",
        "data-lg-tj-id": "4R00",
        "data-lg-tj-no": "0109",
        "data-lg-tj-cid": "idnull",
        "class": [],
        "name": "网络推广",
        "positions": [],
        "key": ""
    },
    {
        "href": "https://www.lagou.com/zhaopin/yunyingzhuanyuan/",
        "data-lg-tj-id": "4R00",
        "data-lg-tj-no": "0110",
        "data-lg-tj-cid": "idnull",
        "class": [],
        "name": "运营专员",
        "positions": [],
        "key": ""
    },
    {
        "href": "https://www.lagou.com/zhaopin/wangdianyunying/",
        "data-lg-tj-id": "4R00",
        "data-lg-tj-no": "0111",
        "data-lg-tj-cid": "idnull",
        "class": [],
        "name": "网店运营",
        "positions": [],
        "key": ""
    },
    {
        "href": "https://www.lagou.com/zhaopin/xinmeitiyunying/",
        "data-lg-tj-id": "4R00",
        "data-lg-tj-no": "0112",
        "data-lg-tj-cid": "idnull",
        "class": [
            "curr"
        ],
        "name": "新媒体运营",
        "positions": [],
        "key": ""
    },
    {
        "href": "https://www.lagou.com/zhaopin/haiwaiyunying/",
        "data-lg-tj-id": "4R00",
        "data-lg-tj-no": "0113",
        "data-lg-tj-cid": "idnull",
        "class": [],
        "name": "海外运营",
        "positions": [],
        "key": ""
    },
    {
        "href": "https://www.lagou.com/zhaopin/yunyingjingli/",
        "data-lg-tj-id": "4R00",
        "data-lg-tj-no": "0114",
        "data-lg-tj-cid": "idnull",
        "class": [],
        "name": "运营经理",
        "positions": [],
        "key": ""
    },
    {
        "href": "https://www.lagou.com/zhaopin/fuzhubian/",
        "data-lg-tj-id": "4R00",
        "data-lg-tj-no": "0201",
        "data-lg-tj-cid": "idnull",
        "class": [],
        "name": "副主编",
        "positions": [],
        "key": ""
    },
    {
        "href": "https://www.lagou.com/zhaopin/neirongbianji/",
        "data-lg-tj-id": "4R00",
        "data-lg-tj-no": "0202",
        "data-lg-tj-cid": "idnull",
        "class": [],
        "name": "内容编辑",
        "positions": [],
        "key": ""
    },
    {
        "href": "https://www.lagou.com/zhaopin/wenancehua/",
        "data-lg-tj-id": "4R00",
        "data-lg-tj-no": "0203",
        "data-lg-tj-cid": "idnull",
        "class": [],
        "name": "文案策划",
        "positions": [],
        "key": ""
    },
    {
        "href": "https://www.lagou.com/zhaopin/jizhe/",
        "data-lg-tj-id": "4R00",
        "data-lg-tj-no": "0204",
        "data-lg-tj-cid": "idnull",
        "class": [],
        "name": "记者",
        "positions": [],
        "key": ""
    },
    {
        "href": "https://www.lagou.com/zhaopin/shouqianzixun/",
        "data-lg-tj-id": "4R00",
        "data-lg-tj-no": "0301",
        "data-lg-tj-cid": "idnull",
        "class": [],
        "name": "售前咨询",
        "positions": [],
        "key": ""
    },
    {
        "href": "https://www.lagou.com/zhaopin/shouhoukefu/",
        "data-lg-tj-id": "4R00",
        "data-lg-tj-no": "0302",
        "data-lg-tj-cid": "idnull",
        "class": [],
        "name": "售后客服",
        "positions": [],
        "key": ""
    },
    {
        "href": "https://www.lagou.com/zhaopin/taobaokefu/",
        "data-lg-tj-id": "4R00",
        "data-lg-tj-no": "0303",
        "data-lg-tj-cid": "idnull",
        "class": [],
        "name": "淘宝客服",
        "positions": [],
        "key": ""
    },
    {
        "href": "https://www.lagou.com/zhaopin/kefujingli/",
        "data-lg-tj-id": "4R00",
        "data-lg-tj-no": "0304",
        "data-lg-tj-cid": "idnull",
        "class": [],
        "name": "客服经理",
        "positions": [],
        "key": ""
    },
    {
        "href": "https://www.lagou.com/zhaopin/zhubian/",
        "data-lg-tj-id": "4R00",
        "data-lg-tj-no": "0401",
        "data-lg-tj-cid": "idnull",
        "class": [],
        "name": "主编",
        "positions": [],
        "key": ""
    },
    {
        "href": "https://www.lagou.com/zhaopin/yunyingzongjian/",
        "data-lg-tj-id": "4R00",
        "data-lg-tj-no": "0402",
        "data-lg-tj-cid": "idnull",
        "class": [
            "curr"
        ],
        "name": "运营总监",
        "positions": [],
        "key": ""
    },
    {
        "href": "https://www.lagou.com/zhaopin/COO/",
        "data-lg-tj-id": "4R00",
        "data-lg-tj-no": "0403",
        "data-lg-tj-cid": "idnull",
        "class": [
            "curr"
        ],
        "name": "COO",
        "positions": [],
        "key": ""
    },
    {
        "href": "https://www.lagou.com/zhaopin/kefuzongjian/",
        "data-lg-tj-id": "4R00",
        "data-lg-tj-no": "0404",
        "data-lg-tj-cid": "idnull",
        "class": [],
        "name": "客服总监",
        "positions": [],
        "key": ""
    },
    {
        "href": "https://www.lagou.com/zhaopin/shichangshichangyingxiao1/",
        "data-lg-tj-id": "1k5a",
        "data-lg-tj-no": "0001",
        "data-lg-tj-cid": "idnull",
        "name": "市场营销",
        "positions": [],
        "key": ""
    },
    {
        "href": "https://www.lagou.com/zhaopin/shichangtuiguang1/",
        "data-lg-tj-id": "1k5a",
        "data-lg-tj-no": "0002",
        "data-lg-tj-cid": "idnull",
        "name": "市场推广",
        "positions": [],
        "key": ""
    },
    {
        "href": "https://www.lagou.com/zhaopin/shichangcehua1/",
        "data-lg-tj-id": "1k5a",
        "data-lg-tj-no": "0003",
        "data-lg-tj-cid": "idnull",
        "name": "市场策划",
        "positions": [],
        "key": ""
    },
    {
        "href": "https://www.lagou.com/zhaopin/zhengfuguanxi1/",
        "data-lg-tj-id": "1k5a",
        "data-lg-tj-no": "0004",
        "data-lg-tj-cid": "idnull",
        "name": "政府关系",
        "positions": [],
        "key": ""
    },
    {
        "href": "https://www.lagou.com/zhaopin/guanggaowenan/",
        "data-lg-tj-id": "1k5a",
        "data-lg-tj-no": "0005",
        "data-lg-tj-cid": "idnull",
        "name": "广告文案",
        "positions": [],
        "key": ""
    },
    {
        "href": "https://www.lagou.com/zhaopin/guanggaotoufang/",
        "data-lg-tj-id": "1k5a",
        "data-lg-tj-no": "0006",
        "data-lg-tj-cid": "idnull",
        "name": "广告投放",
        "positions": [],
        "key": ""
    },
    {
        "href": "https://www.lagou.com/zhaopin/shichangtuiguang1/",
        "data-lg-tj-id": "1k5a",
        "data-lg-tj-no": "0007",
        "data-lg-tj-cid": "idnull",
        "name": "市场推广",
        "positions": [],
        "key": ""
    },
    {
        "href": "https://www.lagou.com/zhaopin/SEO1/",
        "data-lg-tj-id": "1k5a",
        "data-lg-tj-no": "0008",
        "data-lg-tj-cid": "idnull",
        "name": "SEO",
        "positions": [],
        "key": ""
    },
    {
        "href": "https://www.lagou.com/zhaopin/SEM1/",
        "data-lg-tj-id": "1k5a",
        "data-lg-tj-no": "0009",
        "data-lg-tj-cid": "idnull",
        "name": "SEM",
        "positions": [],
        "key": ""
    },
    {
        "href": "https://www.lagou.com/zhaopin/shichangshichangyingxiao1/",
        "data-lg-tj-id": "1k5g",
        "data-lg-tj-no": "0101",
        "data-lg-tj-cid": "idnull",
        "class": [
            "curr"
        ],
        "name": "市场营销",
        "positions": [],
        "key": ""
    },
    {
        "href": "https://www.lagou.com/zhaopin/shichangcehua1/",
        "data-lg-tj-id": "1k5g",
        "data-lg-tj-no": "0102",
        "data-lg-tj-cid": "idnull",
        "class": [
            "curr"
        ],
        "name": "市场策划",
        "positions": [],
        "key": ""
    },
    {
        "href": "https://www.lagou.com/zhaopin/shichangguwen1/",
        "data-lg-tj-id": "1k5g",
        "data-lg-tj-no": "0103",
        "data-lg-tj-cid": "idnull",
        "class": [],
        "name": "市场顾问",
        "positions": [],
        "key": ""
    },
    {
        "href": "https://www.lagou.com/zhaopin/shangwuqudao2/",
        "data-lg-tj-id": "1k5g",
        "data-lg-tj-no": "0104",
        "data-lg-tj-cid": "idnull",
        "class": [],
        "name": "商务渠道",
        "positions": [],
        "key": ""
    },
    {
        "href": "https://www.lagou.com/zhaopin/shangyeshjufenxi/",
        "data-lg-tj-id": "1k5g",
        "data-lg-tj-no": "0105",
        "data-lg-tj-cid": "idnull",
        "class": [],
        "name": "商业数据分析",
        "positions": [],
        "key": ""
    },
    {
        "href": "https://www.lagou.com/zhaopin/huodongcehua1/",
        "data-lg-tj-id": "1k5g",
        "data-lg-tj-no": "0106",
        "data-lg-tj-cid": "idnull",
        "class": [],
        "name": "活动策划",
        "positions": [],
        "key": ""
    },
    {
        "href": "https://www.lagou.com/zhaopin/wangluoyingxiao1/",
        "data-lg-tj-id": "1k5g",
        "data-lg-tj-no": "0107",
        "data-lg-tj-cid": "idnull",
        "class": [],
        "name": "网络营销",
        "positions": [],
        "key": ""
    },
    {
        "href": "https://www.lagou.com/zhaopin/haiwaishichang1/",
        "data-lg-tj-id": "1k5g",
        "data-lg-tj-no": "0108",
        "data-lg-tj-cid": "idnull",
        "class": [],
        "name": "海外市场",
        "positions": [],
        "key": ""
    },
    {
        "href": "https://www.lagou.com/zhaopin/shangwuzhuanyuan/",
        "data-lg-tj-id": "1k5g",
        "data-lg-tj-no": "0109",
        "data-lg-tj-cid": "idnull",
        "class": [],
        "name": "商务专员",
        "positions": [],
        "key": ""
    },
    {
        "href": "https://www.lagou.com/zhaopin/zhengfuguanxi1/",
        "data-lg-tj-id": "1k5g",
        "data-lg-tj-no": "0201",
        "data-lg-tj-cid": "idnull",
        "class": [
            "curr"
        ],
        "name": "政府关系",
        "positions": [],
        "key": ""
    },
    {
        "href": "https://www.lagou.com/zhaopin/pinpaigongguan1/",
        "data-lg-tj-id": "1k5g",
        "data-lg-tj-no": "0202",
        "data-lg-tj-cid": "idnull",
        "class": [],
        "name": "品牌公关",
        "positions": [],
        "key": ""
    },
    {
        "href": "https://www.lagou.com/zhaopin/guanggaoxietiao/",
        "data-lg-tj-id": "1k5g",
        "data-lg-tj-no": "0203",
        "data-lg-tj-cid": "idnull",
        "class": [],
        "name": "广告协调",
        "positions": [],
        "key": ""
    },
    {
        "href": "https://www.lagou.com/zhaopin/meijietoufang/",
        "data-lg-tj-id": "1k5g",
        "data-lg-tj-no": "0204",
        "data-lg-tj-cid": "idnull",
        "class": [],
        "name": "媒介投放",
        "positions": [],
        "key": ""
    },
    {
        "href": "https://www.lagou.com/zhaopin/meijiehezuo/",
        "data-lg-tj-id": "1k5g",
        "data-lg-tj-no": "0205",
        "data-lg-tj-cid": "idnull",
        "class": [],
        "name": "媒介合作",
        "positions": [],
        "key": ""
    },
    {
        "href": "https://www.lagou.com/zhaopin/meijieguwen/",
        "data-lg-tj-id": "1k5g",
        "data-lg-tj-no": "0206",
        "data-lg-tj-cid": "idnull",
        "class": [],
        "name": "媒介顾问",
        "positions": [],
        "key": ""
    },
    {
        "href": "https://www.lagou.com/zhaopin/guanggaochuangyi/",
        "data-lg-tj-id": "1k5g",
        "data-lg-tj-no": "0301",
        "data-lg-tj-cid": "idnull",
        "class": [],
        "name": "广告创意",
        "positions": [],
        "key": ""
    },
    {
        "href": "https://www.lagou.com/zhaopin/guanggaozhizuo/",
        "data-lg-tj-id": "1k5g",
        "data-lg-tj-no": "0302",
        "data-lg-tj-cid": "idnull",
        "class": [],
        "name": "广告制作",
        "positions": [],
        "key": ""
    },
    {
        "href": "https://www.lagou.com/zhaopin/guanggaowenan/",
        "data-lg-tj-id": "1k5g",
        "data-lg-tj-no": "0303",
        "data-lg-tj-cid": "idnull",
        "class": [
            "curr"
        ],
        "name": "广告文案",
        "positions": [],
        "key": ""
    },
    {
        "href": "https://www.lagou.com/zhaopin/guanggaotoufang/",
        "data-lg-tj-id": "1k5g",
        "data-lg-tj-no": "0304",
        "data-lg-tj-cid": "idnull",
        "class": [
            "curr"
        ],
        "name": "广告投放",
        "positions": [],
        "key": ""
    },
    {
        "href": "https://www.lagou.com/zhaopin/guanggaodingwei/",
        "data-lg-tj-id": "1k5g",
        "data-lg-tj-no": "0305",
        "data-lg-tj-cid": "idnull",
        "class": [],
        "name": "广告定价",
        "positions": [],
        "key": ""
    },
    {
        "href": "https://www.lagou.com/zhaopin/guanggaozhuanyuan/",
        "data-lg-tj-id": "1k5g",
        "data-lg-tj-no": "0306",
        "data-lg-tj-cid": "idnull",
        "class": [],
        "name": "广告专员",
        "positions": [],
        "key": ""
    },
    {
        "href": "https://www.lagou.com/zhaopin/pinpaihezuo/",
        "data-lg-tj-id": "1k5g",
        "data-lg-tj-no": "0307",
        "data-lg-tj-cid": "idnull",
        "class": [],
        "name": "品牌合作",
        "positions": [],
        "key": ""
    },
    {
        "href": "https://www.lagou.com/zhaopin/pinpaicehua/",
        "data-lg-tj-id": "1k5g",
        "data-lg-tj-no": "0308",
        "data-lg-tj-cid": "idnull",
        "class": [],
        "name": "品牌策划",
        "positions": [],
        "key": ""
    },
    {
        "href": "https://www.lagou.com/zhaopin/pinpaizhuanyuan/",
        "data-lg-tj-id": "1k5g",
        "data-lg-tj-no": "0309",
        "data-lg-tj-cid": "idnull",
        "class": [],
        "name": "品牌专员",
        "positions": [],
        "key": ""
    },
    {
        "href": "https://www.lagou.com/zhaopin/meishuzhidao/",
        "data-lg-tj-id": "1k5g",
        "data-lg-tj-no": "0310",
        "data-lg-tj-cid": "idnull",
        "class": [],
        "name": "美术指导",
        "positions": [],
        "key": ""
    },
    {
        "href": "https://www.lagou.com/zhaopin/shichangtuiguang1/",
        "data-lg-tj-id": "1k5g",
        "data-lg-tj-no": "0401",
        "data-lg-tj-cid": "idnull",
        "class": [
            "curr"
        ],
        "name": "市场推广",
        "positions": [],
        "key": ""
    },
    {
        "href": "https://www.lagou.com/zhaopin/qudaotuiguang1/",
        "data-lg-tj-id": "1k5g",
        "data-lg-tj-no": "0402",
        "data-lg-tj-cid": "idnull",
        "class": [],
        "name": "渠道推广",
        "positions": [],
        "key": ""
    },
    {
        "href": "https://www.lagou.com/zhaopin/SEO1/",
        "data-lg-tj-id": "1k5g",
        "data-lg-tj-no": "0403",
        "data-lg-tj-cid": "idnull",
        "class": [
            "curr"
        ],
        "name": "SEO",
        "positions": [],
        "key": ""
    },
    {
        "href": "https://www.lagou.com/zhaopin/SEM1/",
        "data-lg-tj-id": "1k5g",
        "data-lg-tj-no": "0404",
        "data-lg-tj-cid": "idnull",
        "class": [
            "curr"
        ],
        "name": "SEM",
        "positions": [],
        "key": ""
    },
    {
        "href": "https://www.lagou.com/zhaopin/cehuajingli/",
        "data-lg-tj-id": "1k5g",
        "data-lg-tj-no": "0501",
        "data-lg-tj-cid": "idnull",
        "class": [],
        "name": "策划经理",
        "positions": [],
        "key": ""
    },
    {
        "href": "https://www.lagou.com/zhaopin/meijiejingli1/",
        "data-lg-tj-id": "1k5g",
        "data-lg-tj-no": "0502",
        "data-lg-tj-cid": "idnull",
        "class": [],
        "name": "媒介经理",
        "positions": [],
        "key": ""
    },
    {
        "href": "https://www.lagou.com/zhaopin/shichangzongjian1/",
        "data-lg-tj-id": "1k5g",
        "data-lg-tj-no": "0503",
        "data-lg-tj-cid": "idnull",
        "class": [],
        "name": "市场总监",
        "positions": [],
        "key": ""
    },
    {
        "href": "https://www.lagou.com/zhaopin/gongguanzoongjian/",
        "data-lg-tj-id": "1k5g",
        "data-lg-tj-no": "0504",
        "data-lg-tj-cid": "idnull",
        "class": [],
        "name": "公关总监",
        "positions": [],
        "key": ""
    },
    {
        "href": "https://www.lagou.com/zhaopin/meijiezongjian/",
        "data-lg-tj-id": "1k5g",
        "data-lg-tj-no": "0505",
        "data-lg-tj-cid": "idnull",
        "class": [],
        "name": "媒介总监",
        "positions": [],
        "key": ""
    },
    {
        "href": "https://www.lagou.com/zhaopin/chuangyizongjian/",
        "data-lg-tj-id": "1k5g",
        "data-lg-tj-no": "0506",
        "data-lg-tj-cid": "idnull",
        "class": [],
        "name": "创意总监",
        "positions": [],
        "key": ""
    },
    {
        "href": "https://www.lagou.com/zhaopin/xiaoshouzhuanyuan1/",
        "data-lg-tj-id": "1k5b",
        "data-lg-tj-no": "0001",
        "data-lg-tj-cid": "idnull",
        "name": "销售专员",
        "positions": [],
        "key": ""
    },
    {
        "href": "https://www.lagou.com/zhaopin/xiaoshoujingli1/",
        "data-lg-tj-id": "1k5b",
        "data-lg-tj-no": "0002",
        "data-lg-tj-cid": "idnull",
        "name": "销售经理",
        "positions": [],
        "key": ""
    },
    {
        "href": "https://www.lagou.com/zhaopin/xiaoshouzongjian1/",
        "data-lg-tj-id": "1k5b",
        "data-lg-tj-no": "0003",
        "data-lg-tj-cid": "idnull",
        "name": "销售总监",
        "positions": [],
        "key": ""
    },
    {
        "href": "https://www.lagou.com/zhaopin/xiaoshoudakehudaibiao/",
        "data-lg-tj-id": "1k5b",
        "data-lg-tj-no": "0004",
        "data-lg-tj-cid": "idnull",
        "name": "大客户代表",
        "positions": [],
        "key": ""
    },
    {
        "href": "https://www.lagou.com/zhaopin/kehujingli/",
        "data-lg-tj-id": "1k5b",
        "data-lg-tj-no": "0005",
        "data-lg-tj-cid": "idnull",
        "name": "客户经理",
        "positions": [],
        "key": ""
    },
    {
        "href": "https://www.lagou.com/zhaopin/xiaoshoudianhuaxiaoshou/",
        "data-lg-tj-id": "1k5b",
        "data-lg-tj-no": "0006",
        "data-lg-tj-cid": "idnull",
        "name": "电话销售",
        "positions": [],
        "key": ""
    },
    {
        "href": "https://www.lagou.com/zhaopin/xiaoshouzhuanyuan1/",
        "data-lg-tj-id": "1k5h",
        "data-lg-tj-no": "0101",
        "data-lg-tj-cid": "idnull",
        "class": [
            "curr"
        ],
        "name": "销售专员",
        "positions": [],
        "key": ""
    },
    {
        "href": "https://www.lagou.com/zhaopin/xiaoshouguwen1/",
        "data-lg-tj-id": "1k5h",
        "data-lg-tj-no": "0102",
        "data-lg-tj-cid": "idnull",
        "class": [],
        "name": "销售顾问",
        "positions": [],
        "key": ""
    },
    {
        "href": "https://www.lagou.com/zhaopin/xiaoshoujingli1/",
        "data-lg-tj-id": "1k5h",
        "data-lg-tj-no": "0103",
        "data-lg-tj-cid": "idnull",
        "class": [
            "curr"
        ],
        "name": "销售经理",
        "positions": [],
        "key": ""
    },
    {
        "href": "https://www.lagou.com/zhaopin/xiaoshoukehudaibiao/",
        "data-lg-tj-id": "1k5h",
        "data-lg-tj-no": "0104",
        "data-lg-tj-cid": "idnull",
        "class": [],
        "name": "客户代表",
        "positions": [],
        "key": ""
    },
    {
        "href": "https://www.lagou.com/zhaopin/xiaoshoudakehudaibiao/",
        "data-lg-tj-id": "1k5h",
        "data-lg-tj-no": "0105",
        "data-lg-tj-cid": "idnull",
        "class": [
            "curr"
        ],
        "name": "大客户代表",
        "positions": [],
        "key": ""
    },
    {
        "href": "https://www.lagou.com/zhaopin/kehujingli/",
        "data-lg-tj-id": "1k5h",
        "data-lg-tj-no": "0106",
        "data-lg-tj-cid": "idnull",
        "class": [
            "curr"
        ],
        "name": "客户经理",
        "positions": [],
        "key": ""
    },
    {
        "href": "https://www.lagou.com/zhaopin/shangwutuozhan/",
        "data-lg-tj-id": "1k5h",
        "data-lg-tj-no": "0107",
        "data-lg-tj-cid": "idnull",
        "class": [],
        "name": "商务拓展",
        "positions": [],
        "key": ""
    },
    {
        "href": "https://www.lagou.com/zhaopin/xiaoshouqudaoxiaoshou/",
        "data-lg-tj-id": "1k5h",
        "data-lg-tj-no": "0108",
        "data-lg-tj-cid": "idnull",
        "class": [],
        "name": "渠道销售 ",
        "positions": [],
        "key": ""
    },
    {
        "href": "https://www.lagou.com/zhaopin/xiaoshoudailishangxiaoshou/",
        "data-lg-tj-id": "1k5h",
        "data-lg-tj-no": "0109",
        "data-lg-tj-cid": "idnull",
        "class": [],
        "name": "代理商销售",
        "positions": [],
        "key": ""
    },
    {
        "href": "https://www.lagou.com/zhaopin/xiaoshoudianhuaxiaoshou/",
        "data-lg-tj-id": "1k5h",
        "data-lg-tj-no": "0110",
        "data-lg-tj-cid": "idnull",
        "class": [
            "curr"
        ],
        "name": "电话销售",
        "positions": [],
        "key": ""
    },
    {
        "href": "https://www.lagou.com/zhaopin/guanggaoxiaoshou/",
        "data-lg-tj-id": "1k5h",
        "data-lg-tj-no": "0111",
        "data-lg-tj-cid": "idnull",
        "class": [],
        "name": "广告销售",
        "positions": [],
        "key": ""
    },
    {
        "href": "https://www.lagou.com/zhaopin/xinyongkaxiaoshou/",
        "data-lg-tj-id": "1k5h",
        "data-lg-tj-no": "0112",
        "data-lg-tj-cid": "idnull",
        "class": [],
        "name": "信用卡销售",
        "positions": [],
        "key": ""
    },
    {
        "href": "https://www.lagou.com/zhaopin/baoxianxiaoshou/",
        "data-lg-tj-id": "1k5h",
        "data-lg-tj-no": "0113",
        "data-lg-tj-cid": "idnull",
        "class": [],
        "name": "保险销售",
        "positions": [],
        "key": ""
    },
    {
        "href": "https://www.lagou.com/zhaopin/xiaoshougongchengshi/",
        "data-lg-tj-id": "1k5h",
        "data-lg-tj-no": "0114",
        "data-lg-tj-cid": "idnull",
        "class": [],
        "name": "销售工程师",
        "positions": [],
        "key": ""
    },
    {
        "href": "https://www.lagou.com/zhaopin/xiaoshoushangwuqudao/",
        "data-lg-tj-id": "1k5h",
        "data-lg-tj-no": "0115",
        "data-lg-tj-cid": "idnull",
        "class": [],
        "name": "商务渠道",
        "positions": [],
        "key": ""
    },
    {
        "href": "https://www.lagou.com/zhaopin/qitaxiaoshou/",
        "data-lg-tj-id": "1k5h",
        "data-lg-tj-no": "0116",
        "data-lg-tj-cid": "idnull",
        "class": [],
        "name": "其他销售",
        "positions": [],
        "key": ""
    },
    {
        "href": "https://www.lagou.com/zhaopin/xiaoshouzongjian1/",
        "data-lg-tj-id": "1k5h",
        "data-lg-tj-no": "0201",
        "data-lg-tj-cid": "idnull",
        "class": [
            "curr"
        ],
        "name": "销售总监",
        "positions": [],
        "key": ""
    },
    {
        "href": "https://www.lagou.com/zhaopin/xiaoshoushangwuzongjian/",
        "data-lg-tj-id": "1k5h",
        "data-lg-tj-no": "0202",
        "data-lg-tj-cid": "idnull",
        "class": [],
        "name": "商务总监",
        "positions": [],
        "key": ""
    },
    {
        "href": "https://www.lagou.com/zhaopin/quyuzongjian/",
        "data-lg-tj-id": "1k5h",
        "data-lg-tj-no": "0203",
        "data-lg-tj-cid": "idnull",
        "class": [],
        "name": "区域总监",
        "positions": [],
        "key": ""
    },
    {
        "href": "https://www.lagou.com/zhaopin/chengshijingli/",
        "data-lg-tj-id": "1k5h",
        "data-lg-tj-no": "0204",
        "data-lg-tj-cid": "idnull",
        "class": [],
        "name": "城市经理",
        "positions": [],
        "key": ""
    },
    {
        "href": "https://www.lagou.com/zhaopin/tuanduijingli/",
        "data-lg-tj-id": "1k5h",
        "data-lg-tj-no": "0205",
        "data-lg-tj-cid": "idnull",
        "class": [],
        "name": "团队经理",
        "positions": [],
        "key": ""
    },
    {
        "href": "https://www.lagou.com/zhaopin/xiaoshouvp/",
        "data-lg-tj-id": "1k5h",
        "data-lg-tj-no": "0206",
        "data-lg-tj-cid": "idnull",
        "class": [],
        "name": "销售VP",
        "positions": [],
        "key": ""
    },
    {
        "href": "https://www.lagou.com/zhaopin/shangwuzhuguan/",
        "data-lg-tj-id": "1k5h",
        "data-lg-tj-no": "0207",
        "data-lg-tj-cid": "idnull",
        "class": [],
        "name": "商务主管",
        "positions": [],
        "key": ""
    },
    {
        "href": "https://www.lagou.com/zhaopin/qitaxiaoshouguanligangwei/",
        "data-lg-tj-id": "1k5h",
        "data-lg-tj-no": "0208",
        "data-lg-tj-cid": "idnull",
        "class": [],
        "name": "其他销售管理职位",
        "positions": [],
        "key": ""
    },
    {
        "href": "https://www.lagou.com/zhaopin/HR/",
        "data-lg-tj-id": "4F00",
        "data-lg-tj-no": "0001",
        "data-lg-tj-cid": "idnull",
        "name": "HR",
        "positions": [],
        "key": ""
    },
    {
        "href": "https://www.lagou.com/zhaopin/xingzheng1/",
        "data-lg-tj-id": "4F00",
        "data-lg-tj-no": "0002",
        "data-lg-tj-cid": "idnull",
        "name": "行政",
        "positions": [],
        "key": ""
    },
    {
        "href": "https://www.lagou.com/zhaopin/caiwu1/",
        "data-lg-tj-id": "4F00",
        "data-lg-tj-no": "0003",
        "data-lg-tj-cid": "idnull",
        "name": "财务",
        "positions": [],
        "key": ""
    },
    {
        "href": "https://www.lagou.com/zhaopin/shenji/",
        "data-lg-tj-id": "4F00",
        "data-lg-tj-no": "0004",
        "data-lg-tj-cid": "idnull",
        "name": "审计",
        "positions": [],
        "key": ""
    },
    {
        "href": "https://www.lagou.com/zhaopin/renliziyuan1/",
        "data-lg-tj-id": "4T00",
        "data-lg-tj-no": "0101",
        "data-lg-tj-cid": "idnull",
        "class": [],
        "name": "人力资源",
        "positions": [],
        "key": ""
    },
    {
        "href": "https://www.lagou.com/zhaopin/zhaopin/",
        "data-lg-tj-id": "4T00",
        "data-lg-tj-no": "0102",
        "data-lg-tj-cid": "idnull",
        "class": [],
        "name": "招聘",
        "positions": [],
        "key": ""
    },
    {
        "href": "https://www.lagou.com/zhaopin/HRBP/",
        "data-lg-tj-id": "4T00",
        "data-lg-tj-no": "0103",
        "data-lg-tj-cid": "idnull",
        "class": [],
        "name": "HRBP",
        "positions": [],
        "key": ""
    },
    {
        "href": "https://www.lagou.com/zhaopin/renshiHR/",
        "data-lg-tj-id": "4T00",
        "data-lg-tj-no": "0104",
        "data-lg-tj-cid": "idnull",
        "class": [],
        "name": "人事/HR",
        "positions": [],
        "key": ""
    },
    {
        "href": "https://www.lagou.com/zhaopin/peixunjingli/",
        "data-lg-tj-id": "4T00",
        "data-lg-tj-no": "0105",
        "data-lg-tj-cid": "idnull",
        "class": [],
        "name": "培训经理",
        "positions": [],
        "key": ""
    },
    {
        "href": "https://www.lagou.com/zhaopin/xinzifulijingli/",
        "data-lg-tj-id": "4T00",
        "data-lg-tj-no": "0106",
        "data-lg-tj-cid": "idnull",
        "class": [],
        "name": "薪资福利经理",
        "positions": [],
        "key": ""
    },
    {
        "href": "https://www.lagou.com/zhaopin/jixiaokaohejingli/",
        "data-lg-tj-id": "4T00",
        "data-lg-tj-no": "0107",
        "data-lg-tj-cid": "idnull",
        "class": [],
        "name": "绩效考核经理",
        "positions": [],
        "key": ""
    },
    {
        "href": "https://www.lagou.com/zhaopin/yuangongguanxi/",
        "data-lg-tj-id": "4T00",
        "data-lg-tj-no": "0108",
        "data-lg-tj-cid": "idnull",
        "class": [],
        "name": "员工关系",
        "positions": [],
        "key": ""
    },
    {
        "href": "https://www.lagou.com/zhaopin/zhuli/",
        "data-lg-tj-id": "4T00",
        "data-lg-tj-no": "0201",
        "data-lg-tj-cid": "idnull",
        "class": [],
        "name": "助理",
        "positions": [],
        "key": ""
    },
    {
        "href": "https://www.lagou.com/zhaopin/qiantai/",
        "data-lg-tj-id": "4T00",
        "data-lg-tj-no": "0202",
        "data-lg-tj-cid": "idnull",
        "class": [],
        "name": "前台",
        "positions": [],
        "key": ""
    },
    {
        "href": "https://www.lagou.com/zhaopin/xingzheng1/",
        "data-lg-tj-id": "4T00",
        "data-lg-tj-no": "0203",
        "data-lg-tj-cid": "idnull",
        "class": [
            "curr"
        ],
        "name": "行政",
        "positions": [],
        "key": ""
    },
    {
        "href": "https://www.lagou.com/zhaopin/zongzhu/",
        "data-lg-tj-id": "4T00",
        "data-lg-tj-no": "0204",
        "data-lg-tj-cid": "idnull",
        "class": [],
        "name": "总助",
        "positions": [],
        "key": ""
    },
    {
        "href": "https://www.lagou.com/zhaopin/wenmi/",
        "data-lg-tj-id": "4T00",
        "data-lg-tj-no": "0205",
        "data-lg-tj-cid": "idnull",
        "class": [],
        "name": "文秘",
        "positions": [],
        "key": ""
    },
    {
        "href": "https://www.lagou.com/zhaopin/kuaiji/",
        "data-lg-tj-id": "4T00",
        "data-lg-tj-no": "0301",
        "data-lg-tj-cid": "idnull",
        "class": [],
        "name": "会计",
        "positions": [],
        "key": ""
    },
    {
        "href": "https://www.lagou.com/zhaopin/chuna/",
        "data-lg-tj-id": "4T00",
        "data-lg-tj-no": "0302",
        "data-lg-tj-cid": "idnull",
        "class": [],
        "name": "出纳",
        "positions": [],
        "key": ""
    },
    {
        "href": "https://www.lagou.com/zhaopin/caiwu1/",
        "data-lg-tj-id": "4T00",
        "data-lg-tj-no": "0303",
        "data-lg-tj-cid": "idnull",
        "class": [
            "curr"
        ],
        "name": "财务",
        "positions": [],
        "key": ""
    },
    {
        "href": "https://www.lagou.com/zhaopin/jiesuan/",
        "data-lg-tj-id": "4T00",
        "data-lg-tj-no": "0304",
        "data-lg-tj-cid": "idnull",
        "class": [],
        "name": "结算",
        "positions": [],
        "key": ""
    },
    {
        "href": "https://www.lagou.com/zhaopin/shuiwu/",
        "data-lg-tj-id": "4T00",
        "data-lg-tj-no": "0305",
        "data-lg-tj-cid": "idnull",
        "class": [],
        "name": "税务",
        "positions": [],
        "key": ""
    },
    {
        "href": "https://www.lagou.com/zhaopin/shenji/",
        "data-lg-tj-id": "4T00",
        "data-lg-tj-no": "0306",
        "data-lg-tj-cid": "idnull",
        "class": [
            "curr"
        ],
        "name": "审计",
        "positions": [],
        "key": ""
    },
    {
        "href": "https://www.lagou.com/zhaopin/fengkong/",
        "data-lg-tj-id": "4T00",
        "data-lg-tj-no": "0307",
        "data-lg-tj-cid": "idnull",
        "class": [],
        "name": "风控",
        "positions": [],
        "key": ""
    },
    {
        "href": "https://www.lagou.com/zhaopin/fawu2/",
        "data-lg-tj-id": "4T00",
        "data-lg-tj-no": "0401",
        "data-lg-tj-cid": "idnull",
        "class": [],
        "name": "法务",
        "positions": [],
        "key": ""
    },
    {
        "href": "https://www.lagou.com/zhaopin/lvshi/",
        "data-lg-tj-id": "4T00",
        "data-lg-tj-no": "0402",
        "data-lg-tj-cid": "idnull",
        "class": [],
        "name": "律师",
        "positions": [],
        "key": ""
    },
    {
        "href": "https://www.lagou.com/zhaopin/zhuanli/",
        "data-lg-tj-id": "4T00",
        "data-lg-tj-no": "0403",
        "data-lg-tj-cid": "idnull",
        "class": [],
        "name": "专利",
        "positions": [],
        "key": ""
    },
    {
        "href": "https://www.lagou.com/zhaopin/xingzhengzongjianjingli/",
        "data-lg-tj-id": "4T00",
        "data-lg-tj-no": "0501",
        "data-lg-tj-cid": "idnull",
        "class": [],
        "name": "行政总监/经理",
        "positions": [],
        "key": ""
    },
    {
        "href": "https://www.lagou.com/zhaopin/caiwuzongjianjingli/",
        "data-lg-tj-id": "4T00",
        "data-lg-tj-no": "0502",
        "data-lg-tj-cid": "idnull",
        "class": [],
        "name": "财务总监/经理",
        "positions": [],
        "key": ""
    },
    {
        "href": "https://www.lagou.com/zhaopin/HRDHRM/",
        "data-lg-tj-id": "4T00",
        "data-lg-tj-no": "0503",
        "data-lg-tj-cid": "idnull",
        "class": [],
        "name": "HRD/HRM",
        "positions": [],
        "key": ""
    },
    {
        "href": "https://www.lagou.com/zhaopin/CFO/",
        "data-lg-tj-id": "4T00",
        "data-lg-tj-no": "0504",
        "data-lg-tj-cid": "idnull",
        "class": [],
        "name": "CFO",
        "positions": [],
        "key": ""
    },
    {
        "href": "https://www.lagou.com/zhaopin/ceo/",
        "data-lg-tj-id": "4T00",
        "data-lg-tj-no": "0505",
        "data-lg-tj-cid": "idnull",
        "class": [],
        "name": "CEO",
        "positions": [],
        "key": ""
    },
    {
        "href": "https://www.lagou.com/zhaopin/xiaoyouxikaifa/",
        "data-lg-tj-id": "1k5c",
        "data-lg-tj-no": "0001",
        "data-lg-tj-cid": "idnull",
        "name": "小游戏开发",
        "positions": [],
        "key": ""
    },
    {
        "href": "https://www.lagou.com/zhaopin/U3D/",
        "data-lg-tj-id": "1k5c",
        "data-lg-tj-no": "0002",
        "data-lg-tj-cid": "idnull",
        "name": "U3D",
        "positions": [],
        "key": ""
    },
    {
        "href": "https://www.lagou.com/zhaopin/youxicehua/",
        "data-lg-tj-id": "1k5c",
        "data-lg-tj-no": "0003",
        "data-lg-tj-cid": "idnull",
        "name": "游戏策划",
        "positions": [],
        "key": ""
    },
    {
        "href": "https://www.lagou.com/zhaopin/youxiyunying/",
        "data-lg-tj-id": "1k5c",
        "data-lg-tj-no": "0004",
        "data-lg-tj-cid": "idnull",
        "name": "游戏运营",
        "positions": [],
        "key": ""
    },
    {
        "href": "https://www.lagou.com/zhaopin/juqingsheji/",
        "data-lg-tj-id": "1k5c",
        "data-lg-tj-no": "0005",
        "data-lg-tj-cid": "idnull",
        "name": "剧情设计",
        "positions": [],
        "key": ""
    },
    {
        "href": "https://www.lagou.com/zhaopin/youxidonghua/",
        "data-lg-tj-id": "1k5c",
        "data-lg-tj-no": "0006",
        "data-lg-tj-cid": "idnull",
        "name": "游戏动画",
        "positions": [],
        "key": ""
    },
    {
        "href": "https://www.lagou.com/zhaopin/youxiyuanhua/",
        "data-lg-tj-id": "1k5c",
        "data-lg-tj-no": "0007",
        "data-lg-tj-cid": "idnull",
        "name": "游戏原画",
        "positions": [],
        "key": ""
    },
    {
        "href": "https://www.lagou.com/zhaopin/youxiyunying/",
        "data-lg-tj-id": "1k5c",
        "data-lg-tj-no": "0008",
        "data-lg-tj-cid": "idnull",
        "name": "游戏运营",
        "positions": [],
        "key": ""
    },
    {
        "href": "https://www.lagou.com/zhaopin/shouyoutuiguang/",
        "data-lg-tj-id": "1k5c",
        "data-lg-tj-no": "0009",
        "data-lg-tj-cid": "idnull",
        "name": "手游推广",
        "positions": [],
        "key": ""
    },
    {
        "href": "https://www.lagou.com/zhaopin/youxizhuobo/",
        "data-lg-tj-id": "1k5c",
        "data-lg-tj-no": "0010",
        "data-lg-tj-cid": "idnull",
        "name": "游戏主播",
        "positions": [],
        "key": ""
    },
    {
        "href": "https://www.lagou.com/zhaopin/youxipeilian/",
        "data-lg-tj-id": "1k5c",
        "data-lg-tj-no": "0011",
        "data-lg-tj-cid": "idnull",
        "name": "游戏陪练",
        "positions": [],
        "key": ""
    },
    {
        "href": "https://www.lagou.com/zhaopin/H5youxikaifa/",
        "data-lg-tj-id": "1k5i",
        "data-lg-tj-no": "0101",
        "data-lg-tj-cid": "idnull",
        "class": [],
        "name": "H5游戏开发",
        "positions": [],
        "key": ""
    },
    {
        "href": "https://www.lagou.com/zhaopin/xiaoyouxikaifa/",
        "data-lg-tj-id": "1k5i",
        "data-lg-tj-no": "0102",
        "data-lg-tj-cid": "idnull",
        "class": [
            "curr"
        ],
        "name": "小游戏开发",
        "positions": [],
        "key": ""
    },
    {
        "href": "https://www.lagou.com/zhaopin/youxihouduankaifa/",
        "data-lg-tj-id": "1k5i",
        "data-lg-tj-no": "0103",
        "data-lg-tj-cid": "idnull",
        "class": [],
        "name": "游戏后端开发",
        "positions": [],
        "key": ""
    },
    {
        "href": "https://www.lagou.com/zhaopin/C%2B%2Byouxikaifa/",
        "data-lg-tj-id": "1k5i",
        "data-lg-tj-no": "0104",
        "data-lg-tj-cid": "idnull",
        "class": [],
        "name": "C++游戏开发",
        "positions": [],
        "key": ""
    },
    {
        "href": "https://www.lagou.com/zhaopin/youxiflash/",
        "data-lg-tj-id": "1k5i",
        "data-lg-tj-no": "0105",
        "data-lg-tj-cid": "idnull",
        "class": [],
        "name": "FLASH",
        "positions": [],
        "key": ""
    },
    {
        "href": "https://www.lagou.com/zhaopin/COCOS2D-X1/",
        "data-lg-tj-id": "1k5i",
        "data-lg-tj-no": "0106",
        "data-lg-tj-cid": "idnull",
        "class": [],
        "name": "COCOS2D-X",
        "positions": [],
        "key": ""
    },
    {
        "href": "https://www.lagou.com/zhaopin/youxiU3D/",
        "data-lg-tj-id": "1k5i",
        "data-lg-tj-no": "0107",
        "data-lg-tj-cid": "idnull",
        "class": [
            "curr"
        ],
        "name": "U3D",
        "positions": [],
        "key": ""
    },
    {
        "href": "https://www.lagou.com/zhaopin/youxiyouxiceshi/",
        "data-lg-tj-id": "1k5i",
        "data-lg-tj-no": "0108",
        "data-lg-tj-cid": "idnull",
        "class": [],
        "name": "游戏测试",
        "positions": [],
        "key": ""
    },
    {
        "href": "https://www.lagou.com/zhaopin/youxizhipianren/",
        "data-lg-tj-id": "1k5i",
        "data-lg-tj-no": "0201",
        "data-lg-tj-cid": "idnull",
        "class": [],
        "name": "游戏制作人",
        "positions": [],
        "key": ""
    },
    {
        "href": "https://www.lagou.com/zhaopin/youxichanpinjingli/",
        "data-lg-tj-id": "1k5i",
        "data-lg-tj-no": "0202",
        "data-lg-tj-cid": "idnull",
        "class": [],
        "name": "游戏产品经理",
        "positions": [],
        "key": ""
    },
    {
        "href": "https://www.lagou.com/zhaopin/youxixiangmujingli/",
        "data-lg-tj-id": "1k5i",
        "data-lg-tj-no": "0203",
        "data-lg-tj-cid": "idnull",
        "class": [],
        "name": "游戏项目经理",
        "positions": [],
        "key": ""
    },
    {
        "href": "https://www.lagou.com/zhaopin/youxiyouxicehua/",
        "data-lg-tj-id": "1k5i",
        "data-lg-tj-no": "0204",
        "data-lg-tj-cid": "idnull",
        "class": [
            "curr"
        ],
        "name": "游戏策划",
        "positions": [],
        "key": ""
    },
    {
        "href": "https://www.lagou.com/zhaopin/juqingsheji/",
        "data-lg-tj-id": "1k5i",
        "data-lg-tj-no": "0205",
        "data-lg-tj-cid": "idnull",
        "class": [
            "curr"
        ],
        "name": "剧情设计",
        "positions": [],
        "key": ""
    },
    {
        "href": "https://www.lagou.com/zhaopin/youxiwenan/",
        "data-lg-tj-id": "1k5i",
        "data-lg-tj-no": "0206",
        "data-lg-tj-cid": "idnull",
        "class": [],
        "name": "游戏文案",
        "positions": [],
        "key": ""
    },
    {
        "href": "https://www.lagou.com/zhaopin/youxidonghua/",
        "data-lg-tj-id": "1k5i",
        "data-lg-tj-no": "0301",
        "data-lg-tj-cid": "idnull",
        "class": [
            "curr"
        ],
        "name": "游戏动画",
        "positions": [],
        "key": ""
    },
    {
        "href": "https://www.lagou.com/zhaopin/youxiyuanhua/",
        "data-lg-tj-id": "1k5i",
        "data-lg-tj-no": "0302",
        "data-lg-tj-cid": "idnull",
        "class": [
            "curr"
        ],
        "name": "游戏原画",
        "positions": [],
        "key": ""
    },
    {
        "href": "https://www.lagou.com/zhaopin/youxijiemian/",
        "data-lg-tj-id": "1k5i",
        "data-lg-tj-no": "0303",
        "data-lg-tj-cid": "idnull",
        "class": [],
        "name": "游戏界面",
        "positions": [],
        "key": ""
    },
    {
        "href": "https://www.lagou.com/zhaopin/youxichangjing1/",
        "data-lg-tj-id": "1k5i",
        "data-lg-tj-no": "0304",
        "data-lg-tj-cid": "idnull",
        "class": [],
        "name": "游戏场景",
        "positions": [],
        "key": ""
    },
    {
        "href": "https://www.lagou.com/zhaopin/youxijuese/",
        "data-lg-tj-id": "1k5i",
        "data-lg-tj-no": "0305",
        "data-lg-tj-cid": "idnull",
        "class": [],
        "name": "游戏角色",
        "positions": [],
        "key": ""
    },
    {
        "href": "https://www.lagou.com/zhaopin/youxidongzuo1/",
        "data-lg-tj-id": "1k5i",
        "data-lg-tj-no": "0306",
        "data-lg-tj-cid": "idnull",
        "class": [],
        "name": "游戏动作",
        "positions": [],
        "key": ""
    },
    {
        "href": "https://www.lagou.com/zhaopin/youxidongxiao/",
        "data-lg-tj-id": "1k5i",
        "data-lg-tj-no": "0307",
        "data-lg-tj-cid": "idnull",
        "class": [],
        "name": "游戏动效",
        "positions": [],
        "key": ""
    },
    {
        "href": "https://www.lagou.com/zhaopin/youximeigong/",
        "data-lg-tj-id": "1k5i",
        "data-lg-tj-no": "0308",
        "data-lg-tj-cid": "idnull",
        "class": [],
        "name": "游戏美工",
        "positions": [],
        "key": ""
    },
    {
        "href": "https://www.lagou.com/zhaopin/youxiyunying1/",
        "data-lg-tj-id": "1k5i",
        "data-lg-tj-no": "0401",
        "data-lg-tj-cid": "idnull",
        "class": [
            "curr"
        ],
        "name": "游戏运营",
        "positions": [],
        "key": ""
    },
    {
        "href": "https://www.lagou.com/zhaopin/youxibianji/",
        "data-lg-tj-id": "1k5i",
        "data-lg-tj-no": "0402",
        "data-lg-tj-cid": "idnull",
        "class": [],
        "name": "游戏编辑",
        "positions": [],
        "key": ""
    },
    {
        "href": "https://www.lagou.com/zhaopin/youxituiguang/",
        "data-lg-tj-id": "1k5i",
        "data-lg-tj-no": "0403",
        "data-lg-tj-cid": "idnull",
        "class": [],
        "name": "游戏推广",
        "positions": [],
        "key": ""
    },
    {
        "href": "https://www.lagou.com/zhaopin/shouyoutuiguang/",
        "data-lg-tj-id": "1k5i",
        "data-lg-tj-no": "0404",
        "data-lg-tj-cid": "idnull",
        "class": [
            "curr"
        ],
        "name": "手游推广",
        "positions": [],
        "key": ""
    },
    {
        "href": "https://www.lagou.com/zhaopin/yeyoutuiguang/",
        "data-lg-tj-id": "1k5i",
        "data-lg-tj-no": "0405",
        "data-lg-tj-cid": "idnull",
        "class": [],
        "name": "页游推广",
        "positions": [],
        "key": ""
    },
    {
        "href": "https://www.lagou.com/zhaopin/youxizhuobo/",
        "data-lg-tj-id": "1k5i",
        "data-lg-tj-no": "0501",
        "data-lg-tj-cid": "idnull",
        "class": [
            "curr"
        ],
        "name": "游戏主播",
        "positions": [],
        "key": ""
    },
    {
        "href": "https://www.lagou.com/zhaopin/youxipeilian/",
        "data-lg-tj-id": "1k5i",
        "data-lg-tj-no": "0502",
        "data-lg-tj-cid": "idnull",
        "class": [
            "curr"
        ],
        "name": "游戏陪练",
        "positions": [],
        "key": ""
    },
    {
        "href": "https://www.lagou.com/zhaopin/youxitiyan/",
        "data-lg-tj-id": "1k5i",
        "data-lg-tj-no": "0503",
        "data-lg-tj-cid": "idnull",
        "class": [],
        "name": "游戏体验",
        "positions": [],
        "key": ""
    },
    {
        "href": "https://www.lagou.com/zhaopin/dianjingzhuchi/",
        "data-lg-tj-id": "1k5i",
        "data-lg-tj-no": "0504",
        "data-lg-tj-cid": "idnull",
        "class": [],
        "name": "电竞主持",
        "positions": [],
        "key": ""
    },
    {
        "href": "https://www.lagou.com/zhaopin/dianjingjiangshi/",
        "data-lg-tj-id": "1k5i",
        "data-lg-tj-no": "0505",
        "data-lg-tj-cid": "idnull",
        "class": [],
        "name": "电竞讲师",
        "positions": [],
        "key": ""
    }
]